file,begin,end,speaker,overall_log_likelihood,speech_log_likelihood,phone_duration_deviation,snr
kaydasheva_s001821,0.0,16.9498125,corpus,-45.069575036873154,-46.57339326212229,24.139540375821547,19.092547876096035
kaydasheva_s002179,0.0,16.8818125,corpus,-46.289479043246445,-47.0924105773101,23.204476802951028,18.534424524102707
kaydasheva_s002191,0.0,12.3698125,corpus,-47.12623787388844,-47.76827856551769,23.157582914297905,13.515194557455152
kaydasheva_s000193,0.0,16.5198125,corpus,-49.41452122427361,-49.84250071428824,21.99972230960362,4.128531297817172
kaydasheva_s002047,0.0,12.3298125,corpus,-48.29298142234388,-54.018367726752096,19.99472094280579,16.36687706583445
kaydasheva_s000190,0.0,11.7698125,corpus,-43.081642948173325,-44.16686481540486,17.989671772434814,11.581926915736187
kaydasheva_s000048,0.0,14.6698125,corpus,-48.68029993183367,-51.99311337705518,17.955924000846537,7.156166237389785
kaydasheva_s000509,0.0,15.7878125,corpus,-44.87739965959468,-45.77762222290039,17.793317558700252,17.438110398439647
kaydasheva_s000014,0.0,17.1408125,corpus,-46.04029317386231,-48.174743787616706,17.231207340162147,17.574199052510004
kaydasheva_s001082,0.0,11.0598125,corpus,-46.93024200384268,-48.81500153229615,16.714959188763153,4.362523700824491
kaydasheva_s001072,0.0,17.6098125,corpus,-48.67923942362294,-52.55155303261497,16.68683091582569,8.405709386410992
kaydasheva_s002213,0.0,14.0758125,corpus,-47.19929643110795,-46.76253749356412,16.506983301773694,10.729658517995734
kaydasheva_s000129,0.0,9.4218125,corpus,-47.38235635615711,-48.692598819732666,16.506983301773694,12.29652072894785
kaydasheva_s001374,0.0,17.5648125,corpus,-47.44121049259681,-49.176480782998574,15.98012497890807,14.865364740058777
kaydasheva_s001692,0.0,9.9638125,corpus,-47.303765844628515,-50.76984211042816,15.422532706280561,15.338487117261243
kaydasheva_s000221,0.0,6.2008125,corpus,-42.63553112399194,-48.147858986487755,15.37970827271288,11.303144969938739
kaydasheva_s001665,0.0,14.9768125,corpus,-48.288681784045394,-50.20132279168992,15.18801038786679,21.372017059251835
kaydasheva_s002208,0.0,13.1698125,corpus,-44.89377194855733,-46.06268698709053,14.9612737368783,14.754774294954268
kaydasheva_s000503,0.0,11.9598125,corpus,-45.47974041074415,-47.05861759185791,14.900996151259097,15.755460093505484
kaydasheva_s000408,0.0,6.8798125,corpus,-43.217827375545056,-47.252388970893726,14.469310951583434,18.204740555337313
kaydasheva_s001118,0.0,5.9298125,corpus,-41.99612009907251,-45.31637058258057,13.97962123526601,23.657052341193275
kaydasheva_s001410,0.0,13.6778125,corpus,-45.85158819901316,-47.740039184570314,13.860108164202908,16.68275754083301
kaydasheva_s000186,0.0,8.9098125,corpus,-46.04989565796858,-50.70812723234102,13.510529867843259,21.4471621743744
kaydasheva_s001278,0.0,13.89775,corpus,-47.56439410971223,-49.257166717529294,13.38457828940805,14.032329789726546
kaydasheva_s002267,0.0,7.6868125,corpus,-43.86581599479844,-45.54887880597796,13.253089567311237,17.620646643126058
kaydasheva_s000986,0.0,16.4498125,corpus,-44.809816679331306,-47.201441733563534,13.037646696798237,17.1608230388913
kaydasheva_s002128,0.0,9.3818125,corpus,-46.00806236673774,-49.03881726582845,13.037646696798237,16.824429511641206
kaydasheva_s000002,0.0,8.6398125,corpus,-46.05798791956018,-53.12327867395737,13.037642561022773,21.425853005957954
kaydasheva_s001043,0.0,11.5478125,corpus,-49.737094155844154,-53.45088446342339,12.896655762556708,20.585483246788044
kaydasheva_s001703,0.0,14.93175,corpus,-47.88368113697254,-48.42528241021292,12.85962236290387,8.02316116022964
kaydasheva_s001239,0.0,10.0098125,corpus,-45.130997908341655,-47.573069545200894,12.766597533957599,11.570455658992007
kaydasheva_s000626,0.0,12.1698125,corpus,-45.788930900780606,-49.271559643144364,12.699019610799251,17.13132822554505
kaydasheva_s000091,0.0,12.51675,corpus,-44.34374063997604,-45.83496573096827,12.546612797982798,9.240884495783861
kaydasheva_s002252,0.0,19.3998125,corpus,-47.42630879510309,-50.19105120470924,12.523352967132762,18.154422318113916
kaydasheva_s001227,0.0,17.3398125,corpus,-49.634488538062286,-52.398692306518555,12.490994105506742,10.744057582666859
kaydasheva_s000270,0.0,6.0698125,corpus,-40.47800401565074,-50.06886601448059,12.448684862011902,14.843260846618696
kaydasheva_s000629,0.0,15.8198125,corpus,-45.71886852085967,-47.450674305117225,12.280108400307927,15.907003962952272
kaydasheva_s000814,0.0,14.09575,corpus,-44.792386968085104,-46.935178565979,11.974607917574895,18.68414401429115
kaydasheva_s001394,0.0,7.87275,corpus,-43.40568416454892,-46.75422844519982,11.57953352718027,16.46319420211542
kaydasheva_s000501,0.0,6.9188125,corpus,-49.84110255599711,-60.63592454661494,11.510221089040346,12.560502624473303
kaydasheva_s000558,0.0,7.6048125,corpus,-44.76081414473684,-48.014463835496166,11.447424279414612,15.062437515918282
kaydasheva_s000029,0.0,11.87575,corpus,-44.8329946601431,-47.499223630452896,11.23680615821217,16.373001861080095
kaydasheva_s001739,0.0,10.6098125,corpus,-50.25311837299717,-53.32437159938197,11.23680615821217,2.8958324907168524
kaydasheva_s000618,0.0,12.6098125,corpus,-45.240809005749405,-45.18567634078691,11.078826651798762,16.377982454452486
kaydasheva_s000064,0.0,8.8498125,corpus,-46.52168520480226,-49.23774708522839,11.05617632114848,7.04539210930772
kaydasheva_s002233,0.0,10.1018125,corpus,-47.41479347153465,-51.84333843655057,10.934194139845376,14.423545675166938
kaydasheva_s001907,0.0,5.7868125,corpus,-44.668471367659755,-52.272031211853026,10.792744314549843,16.622425815432607
kaydasheva_s001312,0.0,18.1198125,corpus,-50.97232426186534,-51.765992136834896,10.64743221455718,3.6461011065356175
kaydasheva_s001640,0.0,15.3898125,corpus,-44.994603841780375,-46.81792560545336,10.628980342138776,19.695521524144137
kaydasheva_s001079,0.0,13.0598125,corpus,-42.81595759954058,-43.97760650910527,10.611527721194696,19.394136553256786
kaydasheva_s000478,0.0,16.3238125,corpus,-44.24718041513481,-46.15094082976041,10.506757924461706,17.88924459604077
kaydasheva_s001433,0.0,15.5818125,corpus,-46.21212592265725,-49.76364420354366,10.486486700717348,19.952482681822378
kaydasheva_s000298,0.0,16.2798125,corpus,-46.6496851965602,-47.95338442853389,10.48610960688457,10.339088067814032
kaydasheva_s000338,0.0,12.9798125,corpus,-46.891010208012325,-48.38776876795011,10.334150415857257,15.590612487240808
kaydasheva_s000885,0.0,11.0698125,corpus,-49.644915876242095,-52.46485230092252,9.994685659325544,20.14731375052019
kaydasheva_s000717,0.0,8.9898125,corpus,-46.900079949944384,-52.36951279941994,9.926433079181027,25.008978864487126
kaydasheva_s001700,0.0,7.5888125,corpus,-43.22740139163373,-47.01722743464451,9.915239616544863,5.198686220871766
kaydasheva_s002133,0.0,12.2198125,corpus,-47.95300352905074,-50.86894440284142,9.879764786047676,20.180732513992115
kaydasheva_s001947,0.0,15.0298125,corpus,-44.83478355788423,-46.20825294126947,9.79517486041761,14.062765176360381
kaydasheva_s002261,0.0,7.5498125,corpus,-42.92767228890728,-46.75408914354112,9.784674195102426,17.37670660446974
kaydasheva_s001504,0.0,6.85075,corpus,-43.509885378649635,-48.34950945670145,9.568305956047318,15.575705204743809
kaydasheva_s002188,0.0,7.3758125,corpus,-48.0345687245935,-50.72017729723895,9.523327213303588,7.602987357993426
kaydasheva_s000233,0.0,8.3398125,corpus,-46.24631388639089,-49.60289941985032,9.361959108909048,14.474090379356035
kaydasheva_s001117,0.0,4.4588125,corpus,-39.1609620235426,-46.150275639125276,9.214656689043982,13.60659801408642
kaydasheva_s000277,0.0,6.2698125,corpus,-40.725618645334926,-46.7090648651123,9.181224405605652,16.129411952736877
kaydasheva_s000719,0.0,10.73475,corpus,-45.85314975535881,-49.76215461584238,9.120223750112315,20.168906976403658
kaydasheva_s001480,0.0,16.9398125,corpus,-44.13069565377804,-45.93150629663164,8.993941153172045,20.281067374813677
kaydasheva_s001965,0.0,9.9478125,corpus,-47.043714667085425,-51.246331619889766,8.98265635542079,7.670191493005694
kaydasheva_s001895,0.0,13.23475,corpus,-46.6632741638322,-48.999277760432314,8.676118088882165,12.606508800763581
kaydasheva_s000180,0.0,16.1868125,corpus,-45.192253126930204,-47.040122545682465,8.673055973945656,13.434940981208518
kaydasheva_s000593,0.0,10.7098125,corpus,-45.558692226890756,-49.479690752531354,8.666633568553468,16.375566433122525
kaydasheva_s001005,0.0,8.0488125,corpus,-42.56818225931677,-45.33777214853387,8.606797523145554,17.78090915448591
kaydasheva_s001216,0.0,19.4828125,corpus,-50.69565339450719,-53.42675537162727,8.547090147630604,6.961412283266922
kaydasheva_s001116,0.0,12.3768125,corpus,-43.890028650040385,-46.21449997498817,8.530505811000245,20.16894980274603
kaydasheva_s000079,0.0,5.27175,corpus,-42.709417990986715,-46.9031982421875,8.52750290666695,13.27810700531461
kaydasheva_s001204,0.0,13.4828125,corpus,-45.53495340318991,-47.701891411351795,8.515554139208417,17.290393494645276
kaydasheva_s000819,0.0,15.1598125,corpus,-46.17143696405013,-47.45504052488954,8.492969891259376,18.917151761766046
kaydasheva_s000251,0.0,10.7398125,corpus,-42.617394814944134,-45.712385940551755,8.490516595901354,18.82736256658464
kaydasheva_s000842,0.0,8.9698125,corpus,-49.62868851031215,-52.359604106229895,8.4434228822796,13.442259810708732
kaydasheva_s000856,0.0,13.4398125,corpus,-48.156212216331845,-50.773144285557635,8.399044183396512,17.670078151273223
kaydasheva_s000620,0.0,12.1008125,corpus,-45.98443633780992,-48.4689129076506,8.39903451530255,14.463784612614054
kaydasheva_s000348,0.0,7.6878125,corpus,-39.339734537548765,-42.666455534637954,8.314016823729768,17.2849241256677
kaydasheva_s001835,0.0,15.2368125,corpus,-46.057891445209975,-47.86901100822117,8.311981656808829,8.941061707419594
kaydasheva_s000075,0.0,10.4818125,corpus,-41.19840991770038,-44.04625721466847,8.294078764986608,16.2668931388415
kaydasheva_s000730,0.0,3.8598125,corpus,-42.58244110265544,-57.68671131134033,8.230931969984255,14.569825409520273
kaydasheva_s001672,0.0,16.8398125,corpus,-46.773804000890735,-49.39769861102104,8.193107530496198,18.447846534510642
kaydasheva_s000139,0.0,6.9298125,corpus,-44.102808216089464,-50.92203029833342,8.19309260972393,23.43339144363938
kaydasheva_s000910,0.0,3.9898125,corpus,-41.798015546679196,-49.1452462569527,8.180569246169403,22.503903968756276
kaydasheva_s000425,0.0,5.4698125,corpus,-42.78954453267824,-49.17812117751764,8.180567178281672,18.62184364763234
kaydasheva_s002114,0.0,8.0458125,corpus,-42.64159549689441,-46.409517958357526,8.159043712215212,17.727603767962556
kaydasheva_s001675,0.0,8.8348125,corpus,-44.377596793601356,-49.10705237192651,8.120296348988715,15.39020642657645
kaydasheva_s000916,0.0,11.0808125,corpus,-44.1755027357852,-46.08048504420689,8.11246989750646,16.489290987035577
kaydasheva_s000058,0.0,11.2798125,corpus,-46.97051266068262,-49.45837674822126,8.065768819611192,11.558840066190605
kaydasheva_s000605,0.0,2.57875,corpus,-39.159565770348834,-58.484921010335285,8.047539699845093,8.02185562638114
kaydasheva_s001318,0.0,10.7198125,corpus,-46.291121297807834,-49.242598172997226,7.99351598214538,7.0086983638811375
kaydasheva_s001855,0.0,7.9708125,corpus,-43.344352846612296,-48.44552789415632,7.965603990043915,13.707397993484275
kaydasheva_s002199,0.0,9.91075,corpus,-42.432021001513625,-44.736903508504234,7.950924556643065,17.51232078347023
kaydasheva_s000804,0.0,7.4848125,corpus,-49.83593227774064,-53.96474729884755,7.910912159195412,5.437096492020997
kaydasheva_s001969,0.0,17.4598125,corpus,-48.26257785652921,-51.174798829214915,7.838015235328419,5.575076242635891
kaydasheva_s000681,0.0,7.2098125,corpus,-46.650604628987516,-52.21487324578421,7.784861675633416,22.394815502305352
kaydasheva_s000770,0.0,7.1288125,corpus,-42.03749287780505,-45.539460164196086,7.78485605953605,20.83456077844822
kaydasheva_s000028,0.0,6.8288125,corpus,-44.38050192166911,-50.46851659857708,7.731779653740779,15.201243307478089
kaydasheva_s000919,0.0,13.81475,corpus,-45.87063835083273,-47.62028447664701,7.717533172767076,17.024493211612956
kaydasheva_s000895,0.0,12.0098125,corpus,-44.7683115632806,-48.71402443539012,7.692438032921499,17.587442593365452
kaydasheva_s001409,0.0,13.07375,corpus,-46.215773240244836,-49.03692263144034,7.692438032921499,13.582065805295045
kaydasheva_s002118,0.0,9.91075,corpus,-42.702171102421794,-46.98898080382684,7.638567747963007,16.578843198269347
kaydasheva_s000647,0.0,11.5778125,corpus,-50.11974444084629,-51.475992577416555,7.627753433941866,6.325716184907046
kaydasheva_s001390,0.0,11.9898125,corpus,-45.13677413469558,-50.04047552744547,7.6005215856469315,7.178517976039144
kaydasheva_s001362,0.0,12.9258125,corpus,-43.27973644141532,-44.159217834472656,7.573958043948396,16.934301610874286
kaydasheva_s000471,0.0,12.8498125,corpus,-48.83274562256809,-50.92763157280124,7.479212065138428,12.00390994795612
kaydasheva_s001722,0.0,9.3778125,corpus,-44.30000666311301,-47.508735825033746,7.4421047762113774,21.760959447117244
kaydasheva_s000400,0.0,17.6428125,corpus,-45.89978830073696,-46.41609710302108,7.3582422925371755,18.806038049657417
kaydasheva_s001037,0.0,12.5598125,corpus,-45.603699119227706,-47.62924976954385,7.306253360379255,17.795699984833238
kaydasheva_s001959,0.0,4.9098125,corpus,-43.22611300280041,-50.9494166654699,7.294994903555472,14.348483671384848
kaydasheva_s002111,0.0,7.8398125,corpus,-45.639185068558675,-50.713608311068626,7.239982652872941,5.593109098943158
kaydasheva_s002147,0.0,15.4498125,corpus,-47.826132686084144,-50.59274739968149,7.22991709184913,18.037068369854683
kaydasheva_s000309,0.0,9.6078125,corpus,-44.43446361212279,-46.896708488464355,7.211376861591787,20.517464555573913
kaydasheva_s000958,0.0,17.71775,corpus,-47.52010881066592,-46.774038177352764,7.211366676314824,14.70575008182143
kaydasheva_s000073,0.0,15.1698125,corpus,-48.50029869808833,-52.11819427625268,7.201480960640212,19.687510412650205
kaydasheva_s000850,0.0,8.3998125,corpus,-42.17027994791667,-46.15186932507683,7.198126400488473,22.585220566593495
kaydasheva_s001057,0.0,12.3498125,corpus,-45.96629238360324,-48.47347024770883,7.198121106041249,16.450082240596025
kaydasheva_s000665,0.0,15.2928125,corpus,-51.51256438031393,-54.814481147249836,7.191792408582429,18.221549005623334
kaydasheva_s000455,0.0,4.7098125,corpus,-38.12890210323779,-45.25148176535582,7.159251056344339,22.064290285287736
kaydasheva_s001938,0.0,18.1398125,corpus,-46.99068443357221,-48.06143298339844,7.159235945032422,19.157587131905487
kaydasheva_s000077,0.0,15.4398125,corpus,-46.29245769915803,-48.05543160211472,7.104706434155947,7.405292388035816
kaydasheva_s000580,0.0,14.67075,corpus,-44.68217450579414,-45.33968162536621,7.104706434155947,12.04502873737812
kaydasheva_s001650,0.0,14.9448125,corpus,-50.77908509036145,-53.48669003706712,7.104706434155947,4.0735387692981355
kaydasheva_s001987,0.0,6.7398125,corpus,-38.41578380007418,-44.74311086293813,7.104704031469782,22.02486404753398
kaydasheva_s001963,0.0,3.5078125,corpus,-34.91724815259972,-43.48867574104896,7.103355473158548,16.49064009626572
kaydasheva_s001748,0.0,4.0648125,corpus,-41.24229333435961,-51.429258558485245,7.103353232863193,15.77567774739212
kaydasheva_s002137,0.0,16.3298125,corpus,-44.253549831598285,-44.625142755434496,7.078193760218755,16.844663377242043
kaydasheva_s000571,0.0,9.1098125,corpus,-41.56599032656422,-45.05916056913488,7.013109619345621,5.448867622070514
kaydasheva_s002250,0.0,16.1418125,corpus,-44.98884758364312,-46.25067699047946,6.999912381774674,19.917070444088495
kaydasheva_s000379,0.0,10.5568125,corpus,-45.18796238754735,-46.351297554602986,6.953713964043221,8.251768378222502
kaydasheva_s000673,0.0,11.8428125,corpus,-48.04080117715372,-50.40355386336645,6.953704319327095,21.86614288450558
kaydasheva_s000081,0.0,14.89175,corpus,-46.790919870718604,-50.09857540959897,6.928714881493692,12.471935853423133
kaydasheva_s001838,0.0,11.3198125,corpus,-44.00440660887809,-46.18124283894454,6.877261723570602,10.455525199822095
kaydasheva_s000569,0.0,18.03875,corpus,-43.405700006929045,-45.16711340145189,6.867727430689178,19.52289817483043
kaydasheva_s000278,0.0,7.9658125,corpus,-45.418277525094105,-47.96162137798235,6.860103972086824,18.52130810490152
kaydasheva_s000560,0.0,7.2598125,corpus,-42.41096332644628,-45.87909114360809,6.859320107909868,20.516717111692156
kaydasheva_s001229,0.0,14.87175,corpus,-48.420325109280434,-50.737778546517355,6.835650899384433,11.349903859320932
kaydasheva_s001615,0.0,18.6838125,corpus,-43.05079797912206,-44.75166617048548,6.796299562246954,20.806192531174847
kaydasheva_s001483,0.0,11.1198125,corpus,-44.162162067221225,-46.46966991424561,6.792840807842416,19.912741023396524
kaydasheva_s001443,0.0,11.3298125,corpus,-47.771934300529566,-50.92080954056752,6.790385419514475,20.508361906736297
kaydasheva_s000072,0.0,12.8888125,corpus,-49.73680542086889,-55.30396445254062,6.7841859752205655,8.517296823338333
kaydasheva_s001968,0.0,12.7898125,corpus,-44.491213228107895,-47.06727899250231,6.78416560466664,19.2054188898619
kaydasheva_s002195,0.0,11.9798125,corpus,-43.85830224853923,-47.02461306254069,6.78416560466664,8.364428899334671
kaydasheva_s002251,0.0,11.2698125,corpus,-53.46790081521739,-60.60724843590005,6.7769990550497194,4.603285786588961
kaydasheva_s000336,0.0,11.8408125,corpus,-43.64046333931588,-43.81483543750851,6.764979986972906,19.765543115061554
kaydasheva_s001513,0.0,13.5798125,corpus,-46.008689824189986,-48.15853065710802,6.754006989580847,16.808595848712063
kaydasheva_s000339,0.0,15.7598125,corpus,-44.65870379917513,-45.74622033624088,6.754006989580847,19.431931700577948
kaydasheva_s001589,0.0,4.4898125,corpus,-39.8377644766147,-47.05948438644409,6.727494400587958,23.555448423780454
kaydasheva_s000016,0.0,12.0268125,corpus,-49.05823332294264,-52.874442872546965,6.7096502867046945,19.163312239508215
kaydasheva_s000386,0.0,8.73775,corpus,-42.64067416332952,-45.90166313968488,6.691122911007731,17.05603292219374
kaydasheva_s000026,0.0,17.6278125,corpus,-46.61196734968803,-47.14685261167329,6.64479465663673,15.138438765172806
kaydasheva_s000825,0.0,4.4698125,corpus,-41.69298360598434,-49.77264232635498,6.607079008560298,8.735205976634493
kaydasheva_s000384,0.0,11.61775,corpus,-45.48560200623924,-49.421710315503574,6.549185635549266,18.00131124095455
kaydasheva_s001158,0.0,6.2998125,corpus,-42.435060143849206,-48.34670854497839,6.445898875793944,18.410929265374065
kaydasheva_s002268,0.0,17.3998125,corpus,-46.20580549568965,-50.79862108230591,6.445521778747186,19.845286759863555
kaydasheva_s000833,0.0,12.9798125,corpus,-43.56479319144838,-46.46189267900255,6.440789654297609,19.35554191062478
kaydasheva_s001220,0.0,16.3198125,corpus,-43.31015433517157,-46.372265440044984,6.4302142149052,15.41607556129527
kaydasheva_s001549,0.0,12.7198125,corpus,-41.000730886399374,-42.75214977439391,6.4034246838147695,21.154117101173476
kaydasheva_s001840,0.0,8.5098125,corpus,-42.68979509400705,-46.247429960865084,6.4034246838147695,17.592215354128616
kaydasheva_s000353,0.0,10.9798125,corpus,-40.932907132285976,-44.54232188305223,6.371531460901459,20.866056296638227
kaydasheva_s000334,0.0,12.0028125,corpus,-46.56052734375,-48.000976877475004,6.362671694264149,19.77613664285412
kaydasheva_s000220,0.0,14.89475,corpus,-43.53061251259234,-46.268009749702784,6.351635568312722,19.69988212085425
kaydasheva_s000330,0.0,12.0898125,corpus,-43.498313430521094,-45.19741746151086,6.333590692236059,17.44452611914758
kaydasheva_s000030,0.0,7.99775,corpus,-47.305712890625,-49.66225233234343,6.309866400884327,3.663417586425089
kaydasheva_s001667,0.0,9.1298125,corpus,-43.05687380202629,-44.29812467098236,6.309866400884327,6.671154696085779
kaydasheva_s001165,0.0,10.0398125,corpus,-47.378093096364545,-58.760349642845895,6.309866400884327,4.978431791233682
kaydasheva_s001185,0.0,10.8378125,corpus,-41.96300593865314,-44.90842266672665,6.309863753660715,13.20958978007422
kaydasheva_s001147,0.0,11.7998125,corpus,-43.71807468220339,-45.92655634880066,6.2984995077734,13.316371829187108
kaydasheva_s001660,0.0,11.85675,corpus,-49.402090140177066,-52.6746506690979,6.298498306430318,18.66402233083269
kaydasheva_s001912,0.0,9.1018125,corpus,-38.384276270604396,-42.96945381164551,6.298498306430318,18.054670880388148
kaydasheva_s000807,0.0,9.1298125,corpus,-43.90796139101862,-47.26217030190133,6.298498306430318,18.20916600526914
kaydasheva_s001482,0.0,11.11775,corpus,-41.414287320143885,-42.80679666855756,6.2984947024010705,10.10408322922126
kaydasheva_s000736,0.0,9.73375,corpus,-44.05914777106886,-47.93440568269189,6.2910376941985735,16.2793359904404
kaydasheva_s001942,0.0,11.3798125,corpus,-45.6302209193761,-49.09903233594233,6.203906749710267,14.462436856883803
kaydasheva_s000392,0.0,11.6698125,corpus,-49.545084217009425,-53.64709101496516,6.191979207841538,11.437485800823291
kaydasheva_s000639,0.0,13.7198125,corpus,-43.09578853862974,-45.59189536979606,6.190462365896393,22.428230793030373
kaydasheva_s001706,0.0,16.1048125,corpus,-45.63657317546584,-47.554567647534746,6.190453413433033,15.442932520661238
kaydasheva_s002078,0.0,10.0088125,corpus,-43.96297452547453,-46.842825444539386,6.174642362872469,14.226041903760812
kaydasheva_s000421,0.0,6.3438125,corpus,-41.33999778194006,-45.88706362247467,6.161804532733878,5.8262236711585285
kaydasheva_s001908,0.0,10.2078125,corpus,-43.2070159463761,-46.83387438456217,6.161799537246827,21.46141362354563
kaydasheva_s001581,0.0,13.53575,corpus,-43.06353570439439,-45.43671261469523,6.145862929463061,20.552063689265587
kaydasheva_s001024,0.0,6.4738125,corpus,-45.69152096213292,-52.22064649793837,6.145594937325896,18.110876504390262
kaydasheva_s000044,0.0,13.5098125,corpus,-44.26427761843079,-45.166304659487594,6.144686241203691,23.151886172486794
kaydasheva_s000253,0.0,10.9498125,corpus,-44.1546875,-46.41209087371826,6.144657307055311,17.529767571553954
kaydasheva_s002279,0.0,13.7998125,corpus,-48.59836390398551,-51.74804071017674,6.1359698729992065,6.5052784848787155
kaydasheva_s000901,0.0,4.3638125,corpus,-32.37256083357225,-42.166229367256165,6.117057706300155,21.109489916397376
kaydasheva_s002123,0.0,8.1998125,corpus,-45.425342987804875,-52.69343715243869,6.1086493795918315,10.673463313647744
kaydasheva_s000823,0.0,3.61375,corpus,-37.76056905730609,-46.8437393506368,6.098965215296398,20.090168874207755
kaydasheva_s001870,0.0,5.4098125,corpus,-39.990869772412196,-45.64394205266779,6.096946574834681,16.755989007658044
kaydasheva_s000285,0.0,2.7778125,corpus,-34.57448923673561,-50.69582516214122,6.096945373491598,18.14580988920592
kaydasheva_s000637,0.0,10.6598125,corpus,-44.78822335248593,-46.89819225397977,6.096945373491598,17.290125022956836
kaydasheva_s002295,0.0,11.45775,corpus,-49.885096258726,-53.464824893257834,6.096942970805434,14.171630855696774
kaydasheva_s002002,0.0,6.4398125,corpus,-41.01955247961956,-43.739742279052734,5.989405007964186,18.891092581509817
kaydasheva_s000972,0.0,11.5668125,corpus,-44.32983672752809,-46.97722770951011,5.989405007964186,20.640804019019832
kaydasheva_s000422,0.0,7.6608125,corpus,-42.60646316090078,-48.07634872114155,5.9659813249233045,20.22513272247798
kaydasheva_s000898,0.0,12.2508125,corpus,-50.47173788265306,-53.39884923299154,5.965062083000248,18.333280524652423
kaydasheva_s000663,0.0,12.4698125,corpus,-42.96951120188452,-45.15270114181065,5.950073525036898,21.989167318458023
kaydasheva_s001353,0.0,11.1098125,corpus,-44.24635744824482,-47.28537130355835,5.942233564017653,19.6137506698521
kaydasheva_s000650,0.0,9.2218125,corpus,-44.816906182212584,-48.070387447581574,5.942224188716814,18.430221792895566
kaydasheva_s000551,0.0,13.4858125,corpus,-45.20489425037064,-47.56529852294922,5.929763461370272,17.44365503499357
kaydasheva_s000273,0.0,14.8198125,corpus,-46.66424173414305,-45.498075420573606,5.929763461370272,3.926322300530522
kaydasheva_s001157,0.0,11.0198125,corpus,-45.847507372958255,-48.38314433933533,5.902216825013418,17.12746864521253
kaydasheva_s000367,0.0,4.3198125,corpus,-40.616256148726855,-48.738701600294846,5.902211682508683,28.602859928441266
kaydasheva_s000649,0.0,12.4298125,corpus,-40.54138173773129,-44.01345584918926,5.900408285096954,17.32151418896089
kaydasheva_s000179,0.0,13.4458125,corpus,-44.33622792750929,-46.64006713807114,5.895396044582126,15.187307764716271
kaydasheva_s001376,0.0,6.5398125,corpus,-49.267321292048926,-54.95020132353812,5.891623544823813,7.024390648918168
kaydasheva_s000726,0.0,20.6618125,corpus,-44.07958464424008,-46.959090668814525,5.874447633563136,19.1869982839877
kaydasheva_s001067,0.0,8.2448125,corpus,-41.82285819933252,-44.15184386831815,5.865736401082254,17.941453813296334
kaydasheva_s002103,0.0,12.9998125,corpus,-43.74654747596154,-45.220312450871326,5.865725812187806,21.51747828967204
kaydasheva_s000589,0.0,9.1198125,corpus,-43.24172920093202,-48.876484706484035,5.865725812187806,7.630275113797799
kaydasheva_s000009,0.0,17.8598125,corpus,-46.97351361282195,-48.09795817390817,5.8048803950966885,5.646892623213121
kaydasheva_s000757,0.0,12.0198125,corpus,-44.99855709234609,-46.302637222710004,5.7845292286746,21.445327215749273
kaydasheva_s000015,0.0,15.5698125,corpus,-44.871848908156714,-46.96824887084961,5.742755603700531,16.483320302467718
kaydasheva_s001450,0.0,14.39075,corpus,-46.778171690410005,-47.57114621294223,5.740128978561357,16.921787778560677
kaydasheva_s001517,0.0,10.0998125,corpus,-43.81816599628713,-45.74807589213054,5.740128978561357,16.342749202577888
kaydasheva_s000340,0.0,13.8198125,corpus,-48.27693673118669,-50.75540658702021,5.740128978561357,18.585169755788996
kaydasheva_s000011,0.0,4.5198125,corpus,-41.320567443307525,-50.17142234310027,5.740128978561357,14.776484324027406
kaydasheva_s001474,0.0,15.25475,corpus,-43.39132172131148,-44.3310162600349,5.712499296629425,15.953512339813482
kaydasheva_s000689,0.0,12.1328125,corpus,-42.41900247320692,-44.290439821058705,5.7122428152657285,19.60401077936018
kaydasheva_s001012,0.0,6.5398125,corpus,-41.081084551796636,-46.79246196746826,5.693841910300325,20.686269990377596
kaydasheva_s000572,0.0,18.9258125,corpus,-47.15905639197042,-48.639900462833914,5.689807789093963,6.907073594640149
kaydasheva_s001003,0.0,11.7538125,corpus,-47.985964095744684,-51.707848895679824,5.689804804939509,11.746509006718952
kaydasheva_s002169,0.0,6.61575,corpus,-41.959111239614806,-48.14398735046387,5.689803312862282,16.309843290280398
kaydasheva_s001865,0.0,9.1298125,corpus,-41.54539892524644,-45.548792652700136,5.689801820785056,20.675137407771512
kaydasheva_s000690,0.0,14.6398125,corpus,-44.846391521516395,-46.39312799241808,5.664852313292066,18.247506262229564
kaydasheva_s001619,0.0,11.8438125,corpus,-44.661182300464525,-47.02165335838241,5.664846697194701,19.2897257138114
kaydasheva_s001463,0.0,16.6098125,corpus,-46.590833835039135,-47.45180622180859,5.660175685535611,20.876397855905676
kaydasheva_s000525,0.0,14.2798125,corpus,-47.89842108718487,-51.30435994893563,5.66016614935328,22.74640056794471
kaydasheva_s001021,0.0,12.0598125,corpus,-52.3089176513267,-55.95677099366119,5.644595171886189,21.052587377204617
kaydasheva_s000743,0.0,14.5598125,corpus,-54.846921145260985,-59.01272263398042,5.604010363137941,4.984412540261233
kaydasheva_s001614,0.0,15.0088125,corpus,-44.50928027148568,-47.56543389267809,5.603995298288261,20.151308691802306
kaydasheva_s001190,0.0,16.1198125,corpus,-44.794427535669975,-46.85213632936831,5.599899981399413,19.4611493088189
kaydasheva_s000960,0.0,17.1898125,corpus,-43.44689408813264,-45.03902684204967,5.571994755808644,21.81224662971117
kaydasheva_s001397,0.0,7.7398125,corpus,-43.67330325419896,-46.17145402969852,5.571992198112905,19.693048761058755
kaydasheva_s000366,0.0,11.5178125,corpus,-46.45209079318576,-49.65516967399448,5.570722657686533,14.713818537010118
kaydasheva_s001136,0.0,5.1898125,corpus,-44.691082610789984,-51.573010996768346,5.570722657686533,22.51359936820036
kaydasheva_s002292,0.0,13.0798125,corpus,-44.501182626146786,-46.894817624773296,5.570722657686533,17.520329169534783
kaydasheva_s000545,0.0,16.0268125,corpus,-45.5230914691204,-47.920663731698774,5.5518487669746035,19.27398209353275
kaydasheva_s000651,0.0,16.8698125,corpus,-46.91003815945465,-47.33562558981089,5.551762980422561,21.275708588274597
kaydasheva_s001324,0.0,15.07775,corpus,-42.74479339356764,-45.325475910253694,5.533229890312095,18.882365131013053
kaydasheva_s001208,0.0,19.47775,corpus,-45.84470049409651,-47.42741466131736,5.5332174015944675,19.291129683272494
kaydasheva_s002294,0.0,3.9848125,corpus,-36.980382871388194,-45.06997071543047,5.5025623897220886,18.446643766536
kaydasheva_s001497,0.0,16.3618125,corpus,-46.90732923288508,-47.301674614965386,5.5025623897220886,13.842359580780723
kaydasheva_s000795,0.0,4.9298125,corpus,-42.26880229462475,-47.6154205887406,5.502559843402848,14.136769067091532
kaydasheva_s000252,0.0,11.8838125,corpus,-44.756960884890574,-46.65799162305635,5.502552204445125,17.75585403219034
kaydasheva_s001577,0.0,13.5698125,corpus,-44.233419307295506,-45.582385701581465,5.495426296679168,16.600350634764766
kaydasheva_s001077,0.0,10.9068125,corpus,-45.22417435265811,-48.08102793752411,5.492290178704688,19.67497692315181
kaydasheva_s001447,0.0,5.8198125,corpus,-41.11681835266323,-47.8158080206977,5.492288977361606,19.419675817753763
kaydasheva_s000751,0.0,8.5598125,corpus,-47.91295816296729,-52.65063038156993,5.492287776018523,19.20178267784913
kaydasheva_s001805,0.0,13.8098125,corpus,-45.42135737237509,-47.88402789092261,5.492282970646195,17.37234349213422
kaydasheva_s002000,0.0,11.6308125,corpus,-46.55721665412726,-49.249427290523755,5.492282970646195,17.214551387974307
kaydasheva_s000181,0.0,11.5398125,corpus,-47.930625135398614,-51.56034021792205,5.470863527809718,20.832590372032968
kaydasheva_s000614,0.0,7.6798125,corpus,-45.698445638020836,-49.79300977598946,5.4708301015289384,23.688913522899593
kaydasheva_s000547,0.0,13.3188125,corpus,-45.320462063626124,-47.34469542102279,5.470822387771835,17.79967032228997
kaydasheva_s002166,0.0,9.2238125,corpus,-44.96162808432755,-50.97642650102314,5.470822387771835,24.49244208893313
kaydasheva_s001972,0.0,13.07375,corpus,-45.84572255164499,-49.06827858166817,5.439473040306614,17.227633241150567
kaydasheva_s002298,0.0,9.8698125,corpus,-45.26811439336373,-48.3008648928474,5.439473040306614,10.4524793485358
kaydasheva_s001858,0.0,14.35875,corpus,-43.323995691155986,-45.97045752581428,5.427355095210709,21.47601170282028
kaydasheva_s001630,0.0,7.0598125,corpus,-41.36764673335694,-46.761900758090086,5.427328292639762,20.744750229340397
kaydasheva_s002030,0.0,11.9198125,corpus,-43.30896078020134,-46.35585742526584,5.427328292639762,20.467802819102303
kaydasheva_s001783,0.0,13.6898125,corpus,-45.973794740686635,-47.92945436330942,5.427328292639762,20.678522171327003
kaydasheva_s000517,0.0,12.33075,corpus,-47.013204582319545,-50.225964005788164,5.427328292639762,17.626400564155325
kaydasheva_s000440,0.0,7.3088125,corpus,-39.56690321477428,-44.21911312983586,5.423462443962613,20.111843434299118
kaydasheva_s000157,0.0,4.25075,corpus,-38.44488051470588,-44.694005502236855,5.421603754056569,19.197161574483864
kaydasheva_s000549,0.0,19.2198125,corpus,-45.33250276404787,-46.366821620775305,5.421603754056569,9.112672206242204
kaydasheva_s001742,0.0,18.5198125,corpus,-43.35148235016199,-44.37120040146621,5.4216011068329575,10.351645919640712
kaydasheva_s001194,0.0,9.2098125,corpus,-41.869346328718784,-45.01222105724056,5.4216011068329575,22.265889042384742
kaydasheva_s001644,0.0,6.8838125,corpus,-37.93750851653343,-42.419300517097845,5.421595812385734,22.95060966358698
kaydasheva_s000721,0.0,5.3458125,corpus,-42.15683411214953,-52.664657429286414,5.405851662084253,15.216086299956642
kaydasheva_s001431,0.0,11.8998125,corpus,-46.62525603991597,-49.07018999258677,5.405849283685397,16.08968708514659
kaydasheva_s001106,0.0,15.21075,corpus,-43.57871055226825,-44.32997684089505,5.405106165852233,14.19195901558367
kaydasheva_s000290,0.0,10.0798125,corpus,-43.56180633060516,-46.919295152028404,5.405095826413575,13.710339219408482
kaydasheva_s001728,0.0,11.5198125,corpus,-44.515462239583336,-45.53518531799316,5.405089622750381,21.800831623611707
kaydasheva_s000376,0.0,5.9858125,corpus,-43.82802718071786,-49.00132988823785,5.388610251164948,19.41056704591575
kaydasheva_s001897,0.0,9.5298125,corpus,-44.54473127623295,-52.718006726607534,5.3886059092626875,23.724701706702902
kaydasheva_s001612,0.0,4.0388125,corpus,-38.98769386215965,-47.94473846435547,5.357436054490897,16.48898693548889
kaydasheva_s000005,0.0,10.55075,corpus,-44.381520290284364,-48.079027522693984,5.357434775643027,19.147532735883367
kaydasheva_s001223,0.0,15.2398125,corpus,-47.21854494750656,-49.1124792304828,5.3445271521605076,20.563119832006855
kaydasheva_s001872,0.0,13.3398125,corpus,-45.29392627904797,-46.83948621396665,5.335610294783528,16.84332039175678
kaydasheva_s001365,0.0,16.4298125,corpus,-49.45817007760195,-52.724112991214724,5.323706674667185,18.05446490537301
kaydasheva_s002299,0.0,16.9698125,corpus,-46.43077857984679,-47.966555036347486,5.323706674667185,20.112022928546764
kaydasheva_s001432,0.0,6.3498125,corpus,-44.923932701771655,-52.308047180175784,5.323704176923659,20.719586108541975
kaydasheva_s000510,0.0,13.75875,corpus,-43.216938817223834,-44.74185545969818,5.305686085607592,14.421246347739025
kaydasheva_s001863,0.0,12.7198125,corpus,-52.259526090801884,-55.879056816427116,5.296173339031767,11.28020461650803
kaydasheva_s001002,0.0,6.5698125,corpus,-44.899950651636225,-51.50660817376499,5.296173339031767,18.43493847593519
kaydasheva_s000490,0.0,12.6998125,corpus,-45.8388718011811,-47.20286342553925,5.296154056105841,20.15594696341492
kaydasheva_s000767,0.0,13.9398125,corpus,-42.85325782370875,-44.550880688339916,5.2907456551675445,20.601618751833087
kaydasheva_s000436,0.0,10.9198125,corpus,-47.25996594551282,-52.617887409455186,5.290738447109051,12.225743635956475
kaydasheva_s001179,0.0,12.8828125,corpus,-43.56125655085404,-45.56755205362785,5.290738447109051,14.108073247542475
kaydasheva_s002307,0.0,12.2098125,corpus,-45.4393651463964,-47.67354680671067,5.290736044422887,22.306295325243536
kaydasheva_s002070,0.0,9.5698125,corpus,-50.51812712251829,-57.41063854612153,5.278620116473237,16.940901407298895
kaydasheva_s001378,0.0,16.8698125,corpus,-43.95046680497925,-45.597070511073284,5.2786149472829225,18.788745100052406
kaydasheva_s001910,0.0,7.8658125,corpus,-47.259723435514616,-50.64372740293804,5.262868210630946,19.413998172807133
kaydasheva_s001197,0.0,11.3798125,corpus,-44.99193005821617,-46.00451706005977,5.26019959001854,9.350828943981762
kaydasheva_s001282,0.0,15.11475,corpus,-45.499803524156185,-46.93647354389059,5.26019959001854,20.575272987216266
kaydasheva_s001361,0.0,4.3998125,corpus,-38.968266157670456,-45.64400112628937,5.259701625844531,17.198953736396746
kaydasheva_s001133,0.0,15.21875,corpus,-42.82617700804862,-44.41910310225053,5.242936046001114,21.362459826766653
kaydasheva_s002229,0.0,13.2298125,corpus,-46.026897911942555,-46.12746773081378,5.224068032668436,19.932815446954613
kaydasheva_s000418,0.0,10.5838125,corpus,-42.446194913752365,-46.20669534704187,5.224059071487016,21.498637355098452
kaydasheva_s000294,0.0,8.0898125,corpus,-44.44059506334982,-49.59048137664795,5.224059071487016,9.879948637213007
kaydasheva_s002222,0.0,10.0848125,corpus,-42.94463820684524,-45.582001871876905,5.206496759167798,16.14267302582547
kaydasheva_s000908,0.0,8.9618125,corpus,-40.832938058035715,-44.6866329738072,5.193740369682292,16.41151093693015
kaydasheva_s001192,0.0,5.9998125,corpus,-36.9216796875,-43.691112200419106,5.189144259828171,22.407447193301067
kaydasheva_s001815,0.0,3.5098125,corpus,-38.089565527065524,-46.769843355814615,5.187918949542196,24.273400084772504
kaydasheva_s001038,0.0,6.7068125,corpus,-44.641198421199704,-51.102785936042444,5.182150959949015,25.892801431518016
kaydasheva_s000859,0.0,5.6698125,corpus,-38.59623015873016,-44.694827161516464,5.1688722928939885,16.54391683139813
kaydasheva_s000507,0.0,12.6598125,corpus,-43.01730660051343,-44.237271354311986,5.168195302894186,19.529325834842602
kaydasheva_s000763,0.0,10.6198125,corpus,-51.24959907603578,-55.702529440985785,5.1549635947968895,19.25061707466632
kaydasheva_s001025,0.0,10.0998125,corpus,-47.22789294554455,-50.53398094177246,5.148883874568191,12.95196041764625
kaydasheva_s000158,0.0,17.7168125,corpus,-45.61904803893905,-46.556936642802356,5.142895257043323,15.74544452000594
kaydasheva_s001674,0.0,14.2798125,corpus,-47.52129836309524,-50.61262807124803,5.14287479547741,16.976748258270632
kaydasheva_s000596,0.0,8.41075,corpus,-42.89786619351962,-45.601465123040335,5.114180961278748,19.05532306813899
kaydasheva_s000528,0.0,10.1838125,corpus,-41.22992387033399,-44.19807712655319,5.1141784635352225,21.16133882659558
kaydasheva_s002136,0.0,6.3998125,corpus,-47.051144409179685,-52.93676126653498,5.1141784635352225,22.992031036982087
kaydasheva_s001250,0.0,9.73075,corpus,-44.7535730344296,-46.07542963170294,5.114175965791697,6.083480838522782
kaydasheva_s000398,0.0,14.0988125,corpus,-46.698459663120566,-49.178857211408946,5.089185514170333,19.600561984611282
kaydasheva_s000172,0.0,11.2298125,corpus,-42.236688140026715,-45.18400171262409,5.08918431282725,18.381804274085745
kaydasheva_s001202,0.0,4.4298125,corpus,-36.929707339870205,-45.646705865859985,5.08918431282725,14.005925412581542
kaydasheva_s000686,0.0,9.2258125,corpus,-47.91545063651137,-48.91763552303972,5.075361318073904,21.678872504306824
kaydasheva_s001149,0.0,10.8228125,corpus,-40.384245754390015,-42.8144027709961,5.075361318073904,22.234559574504043
kaydasheva_s000200,0.0,10.1298125,corpus,-45.058192713474824,-48.3139469510033,5.075361318073904,15.65565341372163
kaydasheva_s002206,0.0,10.5878125,corpus,-45.256997314683666,-49.58415358117286,5.062398887432701,21.073595891204185
kaydasheva_s000097,0.0,13.7648125,corpus,-45.55256120548692,-46.66676438821329,5.062390278947169,12.836417811087195
kaydasheva_s001877,0.0,12.5798125,corpus,-43.772319654213035,-47.00337454430143,5.061803597886677,16.792880987004168
kaydasheva_s000310,0.0,17.9968125,corpus,-44.133572048611114,-45.04528631290919,5.058164233803762,20.706922948269277
kaydasheva_s000224,0.0,10.1268125,corpus,-43.909103529121424,-45.780022373199465,5.039448520549193,20.68636732323997
kaydasheva_s001734,0.0,12.0948125,corpus,-43.262904518196855,-46.20298611387915,5.039427950530252,16.7750088502963
kaydasheva_s000862,0.0,5.7698125,corpus,-38.75984347920277,-44.32569070295854,5.024384352646214,22.26389542977158
kaydasheva_s000403,0.0,10.3298125,corpus,-44.431226554937076,-47.01485371876912,5.024381096219519,19.064857612578724
kaydasheva_s000538,0.0,8.8398125,corpus,-46.96366833993213,-51.38511662483215,5.010280871101694,18.60424675818853
kaydasheva_s000574,0.0,12.0298125,corpus,-48.978988076683294,-49.59682603226494,5.00682173987239,12.4149606562951
kaydasheva_s001669,0.0,14.0598125,corpus,-43.566164540362735,-45.1127323182691,4.977486990372555,19.716413236883223
kaydasheva_s000576,0.0,18.3288125,corpus,-45.446007228587014,-48.007148361206056,4.977486990372555,18.853648275998957
kaydasheva_s002107,0.0,12.5798125,corpus,-45.650334732710654,-50.26369455305196,4.977486990372555,10.671332834075775
kaydasheva_s001901,0.0,14.27875,corpus,-43.97456013655462,-45.210467273042404,4.977473754254496,19.635417043889998
kaydasheva_s002320,0.0,6.5228125,corpus,-43.28526708684816,-50.22312749896133,4.977471107030884,18.592569097652607
kaydasheva_s001419,0.0,12.9398125,corpus,-45.61133114374034,-47.09093901575828,4.97746581258366,18.59790632097194
kaydasheva_s002019,0.0,7.0298125,corpus,-39.94514024715505,-43.434568643569946,4.97746581258366,20.848791158959585
kaydasheva_s000957,0.0,21.05775,corpus,-47.081229967948715,-46.22030788149152,4.97746581258366,20.077688632641873
kaydasheva_s001313,0.0,11.1208125,corpus,-46.32386746852518,-48.44209585055499,4.958187205926087,18.87008834701193
kaydasheva_s002243,0.0,11.9068125,corpus,-43.88663347502099,-46.226660247802734,4.958184397877405,16.700397472053996
kaydasheva_s001327,0.0,11.9098125,corpus,-42.94104547124265,-45.40153565069642,4.940895355527459,19.232148391104204
kaydasheva_s000923,0.0,3.6698125,corpus,-40.10897852094686,-51.07913589477539,4.938816971426956,21.25822856515361
kaydasheva_s001423,0.0,13.0438125,corpus,-44.97026277319785,-46.88117454326258,4.931072321573446,19.697576510024305
kaydasheva_s000127,0.0,13.1498125,corpus,-44.895092680608364,-46.559183059200166,4.931053032141193,18.10501665541309
kaydasheva_s000735,0.0,13.6878125,corpus,-43.31147564371804,-46.03381442248337,4.928326324942619,18.88932180577738
kaydasheva_s001338,0.0,17.2598125,corpus,-43.20992812137891,-45.004088515168306,4.928325046094749,22.601990095983304
kaydasheva_s001281,0.0,13.2398125,corpus,-45.1575658515861,-46.51657630861268,4.928314815311793,18.467451992781058
kaydasheva_s002170,0.0,15.4788125,corpus,-49.62194666505168,-52.00754606261734,4.904652750146786,8.04944539079455
kaydasheva_s002028,0.0,14.7358125,corpus,-52.218209379240164,-55.259803704654466,4.904650252403261,17.52564680376136
kaydasheva_s000469,0.0,14.1398125,corpus,-45.4503431090877,-48.20167604652611,4.90464525691621,17.590251685061972
kaydasheva_s000658,0.0,9.27575,corpus,-45.99622423895474,-48.6872812906901,4.893613977967173,10.754590012006666
kaydasheva_s000099,0.0,3.95475,corpus,-38.84791584256329,-48.09890319361831,4.893613977967173,22.462104712959682
kaydasheva_s000789,0.0,11.6698125,corpus,-41.92332436268209,-43.76582672119141,4.887642191976271,16.72488201199797
kaydasheva_s000526,0.0,13.9398125,corpus,-51.710685303084645,-55.754516297737055,4.887632581231613,6.499514781646846
kaydasheva_s000065,0.0,9.5598125,corpus,-44.32780628922594,-44.80545226010409,4.887632581231613,18.94160437930077
kaydasheva_s000861,0.0,10.5668125,corpus,-45.36145192762535,-49.225106709798176,4.887632581231613,14.711960153713747
kaydasheva_s002321,0.0,11.4098125,corpus,-43.21441923203331,-45.17144531564614,4.887632581231613,20.457589780327194
kaydasheva_s001611,0.0,9.3398125,corpus,-41.11414698206638,-44.150913748410666,4.881866033107053,18.700076405076395
kaydasheva_s000981,0.0,8.31775,corpus,-43.11316856971154,-46.45708508558676,4.881863880985669,11.717966042962185
kaydasheva_s000153,0.0,16.0098125,corpus,-46.269099391005625,-47.22738276787524,4.881861728864287,17.887491440394562
kaydasheva_s000456,0.0,5.4898125,corpus,-41.03238131830601,-48.177914074489046,4.88112987274365,18.435621559324154
kaydasheva_s000967,0.0,9.8398125,corpus,-47.35050257240854,-50.48529861912583,4.874467929194964,7.526240045847446
kaydasheva_s000997,0.0,5.2698125,corpus,-42.92141544117647,-51.771555476718476,4.874461678573855,24.672925480864052
kaydasheva_s001351,0.0,13.35275,corpus,-44.9493357911985,-46.61139535522461,4.8652515773153375,20.160619317585216
kaydasheva_s000287,0.0,13.1698125,corpus,-42.64835445140471,-44.05224051357301,4.8652515773153375,19.563558677189263
kaydasheva_s001933,0.0,16.5368125,corpus,-43.765587212817415,-45.43044814388309,4.8652515773153375,19.67580684653278
kaydasheva_s001891,0.0,5.1458125,corpus,-39.429960558252425,-45.44708453091708,4.865238176029864,16.624046322561032
kaydasheva_s000935,0.0,14.7098125,corpus,-44.53547491077498,-45.09279192515782,4.8652314753871275,18.332031111439452
kaydasheva_s001411,0.0,7.2198125,corpus,-41.148607925034625,-45.31700923525054,4.865224774744391,23.492565376675493
kaydasheva_s001121,0.0,15.3838125,corpus,-43.216001909947984,-44.46731231689453,4.865197972173444,20.33026753987844
kaydasheva_s002085,0.0,14.11575,corpus,-44.31629005842776,-46.08845650183188,4.860218726410304,18.822211086975408
kaydasheva_s001161,0.0,6.3698125,corpus,-42.52340070643642,-46.64697074890137,4.8482002392117804,21.205320036818232
kaydasheva_s002197,0.0,5.71075,corpus,-42.35397055604203,-49.671105216531195,4.842268689697934,17.497089652465043
kaydasheva_s000720,0.0,10.6698125,corpus,-48.179888853092784,-50.99296700199948,4.807307373366172,19.89137330607881
kaydasheva_s001455,0.0,6.2398125,corpus,-42.34605994591346,-48.29550582287359,4.7802092073264575,19.901829345688444
kaydasheva_s000368,0.0,9.8598125,corpus,-44.02455866506085,-49.36811717351278,4.7802092073264575,23.24205365894494
kaydasheva_s000210,0.0,11.1098125,corpus,-52.3628276890189,-56.99001668930054,4.7521782621944615,4.010720808476371
kaydasheva_s000451,0.0,14.8498125,corpus,-45.08493265993266,-46.660005163958694,4.752175778502125,19.272523957249792
kaydasheva_s001516,0.0,6.9898125,corpus,-44.06888188483548,-48.02051592630053,4.749454729733682,22.729017497524787
kaydasheva_s000243,0.0,6.9438125,corpus,-43.767355795208935,-47.795271017612556,4.74944506163972,16.702819316535436
kaydasheva_s000866,0.0,9.7498125,corpus,-43.21611778846154,-44.87605557161219,4.74092615103041,20.228710671822064
kaydasheva_s002140,0.0,13.41575,corpus,-44.7670309007079,-46.41358629294804,4.739507980662237,19.319048337400133
kaydasheva_s000118,0.0,13.7248125,corpus,-43.58366265032799,-45.177436985186674,4.722634042169884,10.338176511822278
kaydasheva_s002099,0.0,12.9438125,corpus,-43.322658061244205,-45.02519463711098,4.7226312341212004,17.861636274248855
kaydasheva_s001721,0.0,13.2288125,corpus,-42.72591293461829,-45.216633652611605,4.722628426072518,19.190279771687194
kaydasheva_s001571,0.0,10.4428125,corpus,-43.347936871408045,-44.563219156158105,4.722628426072518,18.92944603435587
kaydasheva_s000453,0.0,10.6898125,corpus,-45.153882132834426,-45.50086395485887,4.722622809975152,19.55833769646499
kaydasheva_s000194,0.0,14.5188125,corpus,-43.434500365874655,-46.47348253844214,4.722622809975152,20.180359910955055
kaydasheva_s001317,0.0,5.4198125,corpus,-43.134041311116235,-47.35699887275696,4.7148474825171585,22.60633662904892
kaydasheva_s002225,0.0,12.1488125,corpus,-48.217399691358025,-51.536610425173585,4.7148474825171585,7.807918967231691
kaydasheva_s001560,0.0,9.35875,corpus,-44.61627771100427,-47.90176470139448,4.713775296712089,17.374842105204138
kaydasheva_s001110,0.0,7.0418125,corpus,-39.91215653852983,-45.023455311701845,4.713771460168481,16.73148080237204
kaydasheva_s001234,0.0,3.7098125,corpus,-44.84383423180593,-57.00377957961138,4.71377018132061,20.331465739143624
kaydasheva_s001323,0.0,17.2498125,corpus,-43.194633152173914,-44.15203279648384,4.71377018132061,18.08654176468996
kaydasheva_s001481,0.0,11.5208125,corpus,-41.721415201822914,-44.49844217824412,4.712580796526239,16.296590911183856
kaydasheva_s001579,0.0,7.97775,corpus,-40.43197104088346,-43.50753326416016,4.711238844857142,17.764995479874052
kaydasheva_s001264,0.0,7.0998125,corpus,-45.55819762323944,-51.24490184168662,4.711238844857142,14.025719810772774
kaydasheva_s000162,0.0,9.1598125,corpus,-42.760720865174676,-44.78607249259949,4.711226437530753,14.960642428899773
kaydasheva_s000107,0.0,7.0298125,corpus,-40.576416362908965,-44.83964518344764,4.711226437530753,22.194023282236863
kaydasheva_s001710,0.0,15.9598125,corpus,-46.838375234962406,-48.75167940402853,4.711222301755289,20.907441058095195
kaydasheva_s001424,0.0,14.9998125,corpus,-44.511640625,-46.06793397422729,4.701341787266936,20.374129100785954
kaydasheva_s002336,0.0,9.1878125,corpus,-44.1688783664309,-49.13645462989807,4.695129534501875,19.81810378732923
kaydasheva_s000311,0.0,6.8198125,corpus,-39.43629433192815,-43.92689878898754,4.695125787886587,20.113565573143745
kaydasheva_s002050,0.0,17.4398125,corpus,-44.99069577838303,-45.68647810023466,4.695114548040722,17.807296260111983
kaydasheva_s001793,0.0,17.3468125,corpus,-47.01159492074928,-50.10233658079117,4.695114548040722,15.810931063967395
kaydasheva_s001426,0.0,8.9898125,corpus,-40.89728170189099,-43.4967893377527,4.688486698871286,20.20534383778857
kaydasheva_s001679,0.0,5.0998125,corpus,-36.892589613970586,-45.17402302135121,4.688486698871286,19.302970600341038
kaydasheva_s000948,0.0,8.49275,corpus,-41.490554144581864,-44.800208118983676,4.688486698871286,21.21938374531335
kaydasheva_s002017,0.0,10.7438125,corpus,-44.12956092877095,-47.02492339270456,4.686085655008306,17.789101164055296
kaydasheva_s001533,0.0,15.27475,corpus,-42.42245569335298,-45.352181576667945,4.686085655008306,17.11805744629282
kaydasheva_s000871,0.0,14.3098125,corpus,-43.82395123602376,-45.30422426092213,4.686085655008306,18.473923538134017
kaydasheva_s001515,0.0,7.87275,corpus,-45.078125,-48.29703041485378,4.686082050979059,21.932032970992996
kaydasheva_s000135,0.0,9.1298125,corpus,-42.44101690854326,-46.45288319905599,4.686082050979059,20.505475743632868
kaydasheva_s000864,0.0,15.3468125,corpus,-43.20632125407166,-44.93303617319666,4.686080849635976,20.007987621862057
kaydasheva_s000865,0.0,16.3998125,corpus,-45.450276295731705,-46.096874212289784,4.686080849635976,20.851475100155827
kaydasheva_s001131,0.0,11.1198125,corpus,-41.28302748426259,-43.72425151754309,4.686080849635976,15.634641301646733
kaydasheva_s000550,0.0,5.2338125,corpus,-38.35081560707457,-44.63497123718262,4.686080849635976,17.552395344486
kaydasheva_s000824,0.0,9.8498125,corpus,-40.998849936548226,-44.01614292247875,4.686080849635976,18.318080927913776
kaydasheva_s001996,0.0,10.3998125,corpus,-44.421875,-46.954666702835645,4.686076044263648,18.267325551560916
kaydasheva_s001758,0.0,12.0098125,corpus,-44.122811068900916,-44.964175484397195,4.686076044263648,19.719362268782618
kaydasheva_s000713,0.0,10.7098125,corpus,-41.863667862978524,-44.13985078376636,4.6616350257637915,24.470390612341106
kaydasheva_s000749,0.0,10.1018125,corpus,-44.81133586014852,-48.926830011770264,4.648155153787239,19.09529690535384
kaydasheva_s002155,0.0,6.7998125,corpus,-45.961089728860294,-55.41943919901945,4.628180899094187,18.74568157206359
kaydasheva_s000512,0.0,12.1698125,corpus,-44.232465206450286,-46.79018804405918,4.608064368317081,20.26082859738481
kaydasheva_s001967,0.0,6.1198125,corpus,-40.02431193831699,-45.55886022394354,4.608054083307611,20.206582032765873
kaydasheva_s001717,0.0,4.29475,corpus,-43.15231643356643,-52.40467602866037,4.6077965744582405,17.703679094867578
kaydasheva_s000687,0.0,6.29875,corpus,-40.39670758928571,-44.12338972091675,4.607793006859955,18.43296434405785
kaydasheva_s001957,0.0,16.0998125,corpus,-49.849276979813666,-50.41239344372469,4.607791817660527,13.2060667993711
kaydasheva_s002115,0.0,18.0298125,corpus,-43.89172992928452,-43.734471778869626,4.607791817660527,15.848463758127334
kaydasheva_s000697,0.0,9.85175,corpus,-45.9459866751269,-49.9088895434425,4.594467588654573,15.109367451620855
kaydasheva_s000236,0.0,15.6698125,corpus,-52.366324984045946,-55.04737245625463,4.543838697921708,4.877221368946259
kaydasheva_s001684,0.0,7.4398125,corpus,-46.458049815188176,-51.30403546817967,4.543828763152361,10.995023018144325
kaydasheva_s000423,0.0,10.79475,corpus,-41.88388771431882,-44.701233947161334,4.533346401676035,19.49537384774574
kaydasheva_s000163,0.0,12.7028125,corpus,-44.003949311023625,-46.33222639681113,4.533346401676035,19.148775793337755
kaydasheva_s001125,0.0,21.15675,corpus,-43.564224214319474,-44.922884855697404,4.5333437544524235,19.09008586570938
kaydasheva_s000319,0.0,8.0698125,corpus,-46.88397905049566,-51.31245211897225,4.5333437544524235,20.984712979124275
kaydasheva_s000951,0.0,9.2198125,corpus,-42.97340191160521,-45.49241505393499,4.533341107228812,21.66626826380344
kaydasheva_s001359,0.0,10.0298125,corpus,-43.643736758474574,-46.50958357101832,4.533335812781588,20.052252826254126
kaydasheva_s001983,0.0,6.1558125,corpus,-44.28875177556818,-48.80026069641113,4.53332522388714,20.365301613998582
kaydasheva_s001154,0.0,11.5298125,corpus,-47.53769040004337,-48.923740654348215,4.527765881496765,17.47123941911023
kaydasheva_s000482,0.0,11.9198125,corpus,-42.632835439387584,-44.21708083152771,4.526572927227871,19.962541354581813
kaydasheva_s001857,0.0,10.1398125,corpus,-46.14279000246548,-48.610572766035034,4.526553637795618,19.16324892094059
kaydasheva_s001794,0.0,7.55175,corpus,-43.730246274834435,-47.963698177014365,4.526553637795618,18.961646624291504
kaydasheva_s001487,0.0,6.8098125,corpus,-41.73529850403818,-44.374811575962944,4.526543993079492,11.540707430618511
kaydasheva_s000304,0.0,12.6198125,corpus,-44.26186732369255,-44.742013446071695,4.526543993079492,16.094019212760365
kaydasheva_s000164,0.0,11.3598125,corpus,-45.31241059639085,-45.806734526598895,4.526534348363365,18.653968960628646
kaydasheva_s001309,0.0,14.8698125,corpus,-42.82672484448554,-45.188767479312034,4.526534348363365,20.67325016719864
kaydasheva_s001842,0.0,14.31175,corpus,-45.677536469252274,-47.115140804346055,4.526534348363365,17.43527357842568
kaydasheva_s001236,0.0,13.7198125,corpus,-44.41427318695335,-45.2623362159729,4.520796020212991,8.209972326103287
kaydasheva_s000641,0.0,7.1098125,corpus,-40.30085267229254,-43.27283184344952,4.499215316546472,17.905431111381752
kaydasheva_s000698,0.0,5.3998125,corpus,-39.48645471643518,-46.2771608988444,4.499215316546472,19.364100277957554
kaydasheva_s001978,0.0,15.2198125,corpus,-42.06901640522339,-43.77369851224563,4.499215316546472,21.20755744892454
kaydasheva_s001977,0.0,11.39475,corpus,-46.83363627633889,-47.9342544555664,4.499215316546472,18.638763460185423
kaydasheva_s001709,0.0,11.79675,corpus,-45.514952992584746,-46.935657382011414,4.499215316546472,19.88354602736785
kaydasheva_s001199,0.0,12.2698125,corpus,-44.03534726466992,-45.593069753339215,4.496280812061193,18.00663902513657
kaydasheva_s000218,0.0,7.5048125,corpus,-41.45727083333333,-45.44497007642474,4.496275012653262,20.066483965163478
kaydasheva_s002232,0.0,11.9598125,corpus,-42.893133361204015,-44.61101556959606,4.487072454267631,18.524712412804558
kaydasheva_s001584,0.0,14.9098125,corpus,-47.33156753018109,-48.14820827872066,4.48560382111344,11.9039324843718
kaydasheva_s000477,0.0,13.3298125,corpus,-44.64145430888972,-46.759519178971,4.485601323369914,18.859895496524505
kaydasheva_s002171,0.0,11.5938125,corpus,-47.968679222389994,-51.770393233938314,4.485593830139337,15.190455818121967
kaydasheva_s000101,0.0,14.61775,corpus,-42.25725942629959,-43.576512281559715,4.484538728784997,15.780285335013675
kaydasheva_s001439,0.0,14.0198125,corpus,-46.27955877763909,-48.370277636519106,4.484538728784997,18.66769584116237
kaydasheva_s002088,0.0,13.6498125,corpus,-45.69293154761905,-47.52954385961805,4.484538728784997,18.64751260812313
kaydasheva_s000847,0.0,14.93175,corpus,-48.009073593436035,-47.940935173419994,4.484538728784997,11.688752421668733
kaydasheva_s002327,0.0,11.1098125,corpus,-47.55023275765077,-50.2561117869157,4.484533923412669,15.050901813132874
kaydasheva_s001764,0.0,8.8398125,corpus,-42.415206978223985,-47.455516934394836,4.484533923412669,12.112658792712917
kaydasheva_s000630,0.0,14.2498125,corpus,-45.981502192982454,-46.84016559307392,4.484530319383422,20.09279596346471
kaydasheva_s001297,0.0,4.9078125,corpus,-39.528648485234214,-47.82919174585587,4.4845291180403395,23.28763142267486
kaydasheva_s000931,0.0,14.2558125,corpus,-44.04397133590463,-44.24851359426975,4.4845291180403395,9.612642527929694
kaydasheva_s002058,0.0,12.8598125,corpus,-44.97217328440902,-47.695679613339,4.4845291180403395,19.166926043547765
kaydasheva_s002010,0.0,9.0948125,corpus,-45.44575512238724,-47.51078849792481,4.4845291180403395,12.072202068969288
kaydasheva_s001135,0.0,12.0338125,corpus,-47.04708281379884,-49.07180506607582,4.478048218557025,15.174564305341931
kaydasheva_s001290,0.0,14.9098125,corpus,-43.353417379275655,-46.006977137397314,4.478048218557025,16.74446607106072
kaydasheva_s001159,0.0,5.9098125,corpus,-50.068941016285955,-59.17062116924085,4.472350368117965,23.90411154290074
kaydasheva_s000670,0.0,5.8328125,corpus,-41.97607338121784,-45.32185308283026,4.472341406936546,19.564190373386044
kaydasheva_s002311,0.0,6.1598125,corpus,-40.766915457589285,-44.505077324661556,4.472341406936546,21.7168569745625
kaydasheva_s002071,0.0,15.9598125,corpus,-44.07889352286968,-46.54371895059182,4.472332445755126,20.882759293191818
kaydasheva_s000883,0.0,9.83575,corpus,-45.63627413617886,-47.96504852619577,4.472332445755126,14.946737258811893
kaydasheva_s002037,0.0,17.1198125,corpus,-44.90924357476636,-46.17792706675344,4.460266471349061,18.640756301463192
kaydasheva_s002068,0.0,10.9698125,corpus,-44.42912488605287,-47.302739215498214,4.460266471349061,20.130570678342544
kaydasheva_s000615,0.0,15.3598125,corpus,-40.90016428629557,-42.153934698310685,4.460247398984398,17.14666090847856
kaydasheva_s001820,0.0,14.85575,corpus,-43.600050996803496,-46.08874383653913,4.460247398984398,20.175231542700235
kaydasheva_s000098,0.0,12.7698125,corpus,-48.01278325665623,-51.68941702064893,4.460245014938816,22.075865970135247
kaydasheva_s001388,0.0,12.0888125,corpus,-46.841972963192724,-48.441995994717466,4.4602283266197364,13.374945898019808
kaydasheva_s001137,0.0,2.6718125,corpus,-44.26820722144195,-60.346379713578656,4.454277050169721,20.773023963162725
kaydasheva_s000640,0.0,6.5298125,corpus,-41.71305213916539,-44.70475394909199,4.454274078292206,17.74230490475812
kaydasheva_s000897,0.0,4.2698125,corpus,-37.785533610216625,-45.58580885262325,4.438159410470071,16.843768477844073
kaydasheva_s002325,0.0,9.8678125,corpus,-42.644519376899694,-45.32841090034036,4.438157918392845,21.569844995774744
kaydasheva_s001251,0.0,7.3698125,corpus,-44.00582757377883,-47.62331821441651,4.438151950083937,14.507882313302192
kaydasheva_s000271,0.0,7.6598125,corpus,-42.468438927872064,-46.89361822101432,4.419428180971942,19.580001114717263
kaydasheva_s001680,0.0,10.9398125,corpus,-44.12509283592322,-47.88793353239695,4.419428180971942,22.398419516411185
kaydasheva_s000144,0.0,8.5598125,corpus,-42.814512448890184,-46.66325989980546,4.419428180971942,20.235388118058754
kaydasheva_s002181,0.0,9.79775,corpus,-44.509331154336735,-47.912636405543275,4.411364380507626,19.886301213998426
kaydasheva_s001976,0.0,8.0088125,corpus,-43.5585888732834,-47.88068105304052,4.4082774511543095,16.151139181049498
kaydasheva_s002044,0.0,16.4498125,corpus,-46.59232522796353,-47.71832522940129,4.364313455910523,22.08689109041554
kaydasheva_s001356,0.0,8.63075,corpus,-41.89400619206257,-45.7375697072347,4.36429691280867,17.387872531079587
kaydasheva_s000830,0.0,7.7198125,corpus,-42.931190293069946,-46.08537753935783,4.36429691280867,8.937719719279324
kaydasheva_s002072,0.0,8.2098125,corpus,-41.28354807399513,-44.06017560134699,4.36429691280867,19.224054707102752
kaydasheva_s002231,0.0,4.2198125,corpus,-36.36830753850711,-42.12088114874704,4.36429691280867,23.431393295878692
kaydasheva_s002006,0.0,16.2098125,corpus,-43.43812654225786,-45.01693381293345,4.363134966265547,15.220568640838039
kaydasheva_s001683,0.0,16.6198125,corpus,-48.12439361462094,-51.542257481151154,4.35011582562965,7.724412901848355
kaydasheva_s001162,0.0,13.4298125,corpus,-44.03839933916605,-45.85636632467054,4.3439458646704745,18.404555036016014
kaydasheva_s000810,0.0,11.0298125,corpus,-42.65295288417951,-45.15926135483608,4.34392652848255,18.15109886173697
kaydasheva_s000666,0.0,14.6458125,corpus,-53.673026877133104,-56.692297725812764,4.340267470130109,4.380796143241094
kaydasheva_s001274,0.0,5.3398125,corpus,-37.56645745552434,-45.46562771464503,4.335481747802598,17.398106117695583
kaydasheva_s001286,0.0,8.33775,corpus,-44.488014276079134,-47.14326583014594,4.335481747802598,12.809561177813926
kaydasheva_s001191,0.0,4.9698125,corpus,-38.908301370724345,-45.52707952382613,4.335481747802598,20.65027741009573
kaydasheva_s000466,0.0,15.1398125,corpus,-44.12919005944518,-45.49329812186105,4.313656999166635,20.81962128239379
kaydasheva_s000592,0.0,10.2398125,corpus,-43.497039794921875,-45.82185733609083,4.303148059419966,20.165716917437823
kaydasheva_s001174,0.0,13.5198125,corpus,-46.59603827662722,-49.31327044963837,4.303148059419966,23.29192263462697
kaydasheva_s001095,0.0,11.9188125,corpus,-44.652317533557046,-45.99688126490666,4.303148059419966,19.263707348611405
kaydasheva_s000324,0.0,13.8648125,corpus,-46.75494340728716,-50.05635698758639,4.303141358777229,17.381401900332246
kaydasheva_s001643,0.0,13.0198125,corpus,-45.560084845430104,-46.3669744699943,4.303141358777229,11.015663470497499
kaydasheva_s001187,0.0,8.2998125,corpus,-42.6179593373494,-45.0371657448846,4.303141358777229,19.354608890386167
kaydasheva_s000383,0.0,14.5948125,corpus,-45.6573423577793,-46.94416148688204,4.303134658134493,19.092363633909322
kaydasheva_s000748,0.0,10.2598125,corpus,-44.21702911793372,-47.46911086159191,4.303134658134493,22.014069343448877
kaydasheva_s002104,0.0,13.2598125,corpus,-44.86859563536953,-46.13532662770105,4.303121256849019,20.1124441719431
kaydasheva_s002177,0.0,15.89775,corpus,-45.98297464622642,-47.95216837144436,4.303094454278073,19.93909506305951
kaydasheva_s001022,0.0,8.8298125,corpus,-44.5068348315402,-47.923028004964195,4.295932555608745,15.985426038901036
kaydasheva_s000879,0.0,13.17875,corpus,-43.38488713960546,-46.23156155563715,4.284660451772333,17.335888681536765
kaydasheva_s000700,0.0,13.93875,corpus,-45.32369474085366,-47.269866703174735,4.284660451772333,18.43440932054294
kaydasheva_s001302,0.0,18.1028125,corpus,-44.66132596685083,-44.26857270692524,4.282982191817032,13.100788507859548
kaydasheva_s001238,0.0,6.1828125,corpus,-42.943359375,-50.662940289111845,4.282982191817032,11.394630181605518
kaydasheva_s001287,0.0,7.2988125,corpus,-40.29723351883562,-44.037551817346795,4.282979789130867,14.981617695315157
kaydasheva_s000546,0.0,14.2798125,corpus,-47.63772540266106,-49.223413218622625,4.282977386444703,14.430902692636094
kaydasheva_s002134,0.0,10.0598125,corpus,-42.59906187872763,-46.080790073313615,4.282977386444703,17.700017574290108
kaydasheva_s001896,0.0,10.6898125,corpus,-45.05971921772685,-48.15131052424399,4.282972581072374,17.7337260646938
kaydasheva_s000370,0.0,12.4038125,corpus,-44.720186491935486,-44.96756333720927,4.282972581072374,17.402049706866066
kaydasheva_s001520,0.0,11.8408125,corpus,-45.982580236486484,-47.80319209974639,4.276074361109715,17.412175313093993
kaydasheva_s000138,0.0,10.9798125,corpus,-42.69862463000911,-45.15364492782439,4.2760731122379525,20.257986555754425
kaydasheva_s000321,0.0,13.4288125,corpus,-45.02853336746091,-46.93241173880441,4.2760731122379525,20.783420088367606
kaydasheva_s000061,0.0,14.3598125,corpus,-41.80048746518106,-43.463856721535706,4.2760731122379525,14.28772477706837
kaydasheva_s001358,0.0,12.8218125,corpus,-44.606818569617786,-46.49984990633451,4.2760731122379525,17.92417374003827
kaydasheva_s000457,0.0,8.2448125,corpus,-44.785938448118934,-49.05314180927892,4.2760731122379525,19.248988207498286
kaydasheva_s001068,0.0,14.6098125,corpus,-43.43231038244353,-45.48516381537164,4.2760731122379525,19.83512836049185
kaydasheva_s001060,0.0,18.6398125,corpus,-47.55169075241416,-48.07307108437143,4.223769408362876,21.19684006208446
kaydasheva_s001890,0.0,6.4998125,corpus,-41.10190805288462,-44.60500533005287,4.220959174777537,19.254684308262462
kaydasheva_s001123,0.0,7.2158125,corpus,-41.268971282029085,-44.96616098155146,4.220959174777537,16.693295234948085
kaydasheva_s001059,0.0,12.5388125,corpus,-44.105593351275914,-46.14799310449968,4.220956628458296,14.77952900456583
kaydasheva_s002224,0.0,9.45175,corpus,-43.394985945767196,-45.95651475044146,4.220938804223612,17.375288436400098
kaydasheva_s001127,0.0,11.7208125,corpus,-48.24924008105802,-51.00502014160156,4.220918433669686,9.039277015166679
kaydasheva_s001677,0.0,13.8828125,corpus,-47.856853386167145,-48.48786449432373,4.220918433669686,7.0532224784786965
kaydasheva_s000076,0.0,14.8238125,corpus,-42.23601446524966,-43.450807160597584,4.208772598243519,12.980451040626317
kaydasheva_s001711,0.0,6.3398125,corpus,-41.51846226833596,-48.1991205059114,4.208765463046949,24.673440498715824
kaydasheva_s001586,0.0,6.21375,corpus,-39.09782608695652,-51.70798796795784,4.208765463046949,25.556269744910125
kaydasheva_s001892,0.0,4.71775,corpus,-39.92457709878178,-46.758953496029505,4.20876427384752,21.448057298516474
kaydasheva_s001921,0.0,14.7498125,corpus,-44.00288930084746,-45.82477457468746,4.2087630846480915,20.54946516397773
kaydasheva_s002272,0.0,12.89875,corpus,-49.01183684593023,-50.71077988942464,4.194559492599275,14.439728874608301
kaydasheva_s000782,0.0,2.8478125,corpus,-34.44657689144737,-45.86176712036133,4.194558200301696,17.811388939585076
kaydasheva_s000493,0.0,13.2928125,corpus,-46.04868557185854,-48.073007187753355,4.194547861921065,15.034970951105805
kaydasheva_s000881,0.0,6.5918125,corpus,-41.62890625,-46.400724799544726,4.187829137914402,21.37607860939396
kaydasheva_s000326,0.0,7.01175,corpus,-41.31760152906562,-46.92635414248607,4.187823169605496,20.796957295973893
kaydasheva_s000579,0.0,13.81675,corpus,-45.07520803183792,-46.25628506558613,4.17668021608497,16.25839708265773
kaydasheva_s000851,0.0,12.1498125,corpus,-42.80446244855967,-44.58045268449627,4.17668021608497,19.136106627809998
kaydasheva_s002215,0.0,9.4498125,corpus,-42.39444031084656,-45.98186747947436,4.17668021608497,17.749107514505106
kaydasheva_s000750,0.0,5.5498125,corpus,-43.56739161036036,-50.4707905098244,4.176677644832602,21.264747264492872
kaydasheva_s002145,0.0,11.7798125,corpus,-43.60596283425297,-46.03022235631943,4.176639076047087,18.813989121794876
kaydasheva_s000215,0.0,9.6808125,corpus,-43.15771484375,-46.866990035839294,4.159730311561695,22.466709114840583
kaydasheva_s001991,0.0,9.9798125,corpus,-39.39782690380761,-41.962859811134706,4.127134732452835,20.79257344380022
kaydasheva_s000272,0.0,5.6398125,corpus,-40.017934812721634,-44.12034257253011,4.123994792387407,14.737128488983377
kaydasheva_s002086,0.0,15.0448125,corpus,-45.633035862699465,-47.73204695723439,4.123987748867748,17.856541015069425
kaydasheva_s001802,0.0,14.7298125,corpus,-45.72617001866938,-47.27429500096281,4.123980705348089,18.50593763408957
kaydasheva_s002330,0.0,11.3298125,corpus,-44.905660442409534,-45.62897731480974,4.122034954017789,20.311547647393574
kaydasheva_s000447,0.0,18.17175,corpus,-43.51513483764447,-45.52498671104168,4.122034954017789,20.552933901784705
kaydasheva_s002082,0.0,5.0268125,corpus,-41.357227727385684,-47.73619535857556,4.122015664585537,19.855302884083756
kaydasheva_s000134,0.0,14.81475,corpus,-44.77566888926401,-45.84469435108242,4.122015664585537,17.844445119538733
kaydasheva_s000342,0.0,15.6498125,corpus,-44.610857627795525,-46.34512662887573,4.122015664585537,18.533333689498438
kaydasheva_s000584,0.0,7.2498125,corpus,-39.129568965517244,-43.92967450068547,4.122015664585537,21.033149105424894
kaydasheva_s002131,0.0,11.3778125,corpus,-46.07847855338313,-48.89834567753955,4.1220132534065055,20.936150790415176
kaydasheva_s000515,0.0,13.7198125,corpus,-44.902064732142854,-48.10771380152021,4.1220132534065055,13.288455340038844
kaydasheva_s000587,0.0,19.3898125,corpus,-45.60595023207839,-46.45327780246735,4.121996375153284,19.164114608422153
kaydasheva_s001469,0.0,11.6008125,corpus,-49.113850350215515,-52.54416779677073,4.117650921642647,8.854635190716362
kaydasheva_s001064,0.0,12.0508125,corpus,-43.872977178423234,-45.085171822274084,4.107162179467967,19.493576329297355
kaydasheva_s000932,0.0,12.9498125,corpus,-44.227500603281854,-46.40984315961321,4.096500497024149,20.761074582617162
kaydasheva_s000067,0.0,14.09575,corpus,-46.99917996453901,-49.53842355637323,4.096500497024149,11.41667414330613
kaydasheva_s000530,0.0,6.0238125,corpus,-42.1664114410299,-47.428721377724095,4.0964825746613105,20.679255494035274
kaydasheva_s001749,0.0,5.7698125,corpus,-39.268681623700175,-44.31568134532255,4.0964825746613105,20.118369386468437
kaydasheva_s000229,0.0,12.9898125,corpus,-43.7726977482679,-46.30409799707998,4.0964825746613105,19.628937411955572
kaydasheva_s001757,0.0,6.3668125,corpus,-41.51518960949765,-46.352504917219576,4.096480334365955,16.368704258121547
kaydasheva_s001249,0.0,9.1418125,corpus,-44.47138265864333,-45.98161127350547,4.096480334365955,18.022363829308933
kaydasheva_s000787,0.0,15.9018125,corpus,-47.01184650157233,-47.95868412140877,4.08922699076841,20.127705572849454
kaydasheva_s000975,0.0,7.0998125,corpus,-43.42091219190141,-47.69259979248047,4.089216401873962,21.4540208962173
kaydasheva_s000149,0.0,12.7528125,corpus,-43.53186887254902,-44.85941624450684,4.089211107426738,21.103689595776466
kaydasheva_s000209,0.0,12.7998125,corpus,-41.98586730957031,-44.165105413218015,4.089211107426738,19.757931577799738
kaydasheva_s002262,0.0,7.4748125,corpus,-39.51850370230924,-42.4145271619161,4.089205812979515,16.860076436770544
kaydasheva_s002108,0.0,17.4858125,corpus,-42.41760023584906,-44.195432515371415,4.089205812979515,19.10911714645154
kaydasheva_s000053,0.0,8.7408125,corpus,-47.30844626001144,-49.12903864089757,4.08795227508921,18.323540077041468
kaydasheva_s000817,0.0,8.5858125,corpus,-40.77257348661234,-44.064491172631584,4.082997695902825,18.253790505788157
kaydasheva_s000691,0.0,10.49075,corpus,-44.08253396091516,-46.89307530721029,4.081430460221395,20.80849632844722
kaydasheva_s000694,0.0,10.1098125,corpus,-45.10484668644906,-47.676063137289916,4.081428057535231,17.981540354359417
kaydasheva_s002148,0.0,4.8898125,corpus,-38.65204419095092,-44.79235757480968,4.081426856192149,20.754314458312482
kaydasheva_s001228,0.0,4.41675,corpus,-37.050529376414026,-43.11644769483997,4.081426856192149,20.54518531140849
kaydasheva_s001625,0.0,10.27075,corpus,-42.130975383398244,-44.1881258171725,4.081425654849066,15.386690961146456
kaydasheva_s001804,0.0,9.3998125,corpus,-46.57256898271277,-48.113064765930176,4.081425654849066,18.993491266896296
kaydasheva_s000192,0.0,15.4698125,corpus,-45.24236930349063,-47.75888276100159,4.081425654849066,20.008118195955884
kaydasheva_s001209,0.0,10.0598125,corpus,-47.267255839960235,-49.18786862492561,4.081425654849066,23.99298066162146
kaydasheva_s000688,0.0,11.7188125,corpus,-47.87163035942833,-50.014138522901035,4.081425654849066,18.788583965045753
kaydasheva_s001839,0.0,8.0988125,corpus,-42.958646797839506,-47.37039822437724,4.073262022532981,16.762426181476794
kaydasheva_s000345,0.0,12.07675,corpus,-46.23200150041391,-49.33784370422363,4.070115817781151,20.603743407181618
kaydasheva_s001795,0.0,13.3998125,corpus,-43.224352845149255,-44.81303352355957,4.070108144693934,20.265813911848127
kaydasheva_s000934,0.0,7.7298125,corpus,-38.816320342820184,-43.672718987948656,4.070106865846064,18.39813207784065
kaydasheva_s001368,0.0,4.3438125,corpus,-38.79610995103687,-47.01584315299988,4.070105586998194,21.814910344517124
kaydasheva_s001300,0.0,6.5198125,corpus,-44.032016871165645,-51.216997888353134,4.070105586998194,20.803661041192594
kaydasheva_s002102,0.0,9.6998125,corpus,-43.30403511597938,-45.98860608963739,4.070105586998194,8.87935097524879
kaydasheva_s001814,0.0,6.9498125,corpus,-40.20509779676259,-43.81279989083608,4.070105586998194,19.409740246688635
kaydasheva_s000600,0.0,9.7898125,corpus,-43.05458774897855,-45.748435548011294,4.070095356215238,23.579678932437645
kaydasheva_s000151,0.0,19.4858125,corpus,-47.66590639430477,-48.7531417388916,4.070095356215238,6.489724848583757
kaydasheva_s000414,0.0,18.1468125,corpus,-46.17658402203857,-47.50896949768067,4.066552394336567,17.287113245698606
kaydasheva_s001435,0.0,13.9078125,corpus,-43.24471771657081,-44.05806915095595,4.066547398849516,18.42285871063181
kaydasheva_s000265,0.0,10.5598125,corpus,-45.021377101089016,-47.86827672046164,4.066547398849516,19.332786337235447
kaydasheva_s000410,0.0,4.13375,corpus,-40.7410856159201,-51.03412836790085,4.066547398849516,16.24057360142377
kaydasheva_s000552,0.0,7.5488125,corpus,-42.53290045529801,-47.07065067571752,4.066547398849516,20.506756025478424
kaydasheva_s001476,0.0,16.3598125,corpus,-43.963415915342296,-46.09498842784337,4.066542403362464,19.45778238605805
kaydasheva_s000722,0.0,11.5938125,corpus,-44.294862893658326,-47.694203985742774,4.0642871321088485,16.88789088248485
kaydasheva_s000150,0.0,8.3878125,corpus,-41.20461486889154,-45.58635732014974,4.060280839649659,18.851674513435245
kaydasheva_s000837,0.0,13.8598125,corpus,-43.827166756854254,-44.15208204587301,4.060280839649659,21.715233561789237
kaydasheva_s000242,0.0,12.0588125,corpus,-46.645441412728026,-48.01099078885971,4.060280839649659,7.690475850004896
kaydasheva_s001339,0.0,3.9298125,corpus,-35.69417690442112,-44.44131364493534,4.060266535376162,24.157646192831876
kaydasheva_s000784,0.0,7.6798125,corpus,-43.38236999511719,-49.48750101933714,4.060266535376162,4.7656278520521465
kaydasheva_s002274,0.0,4.51375,corpus,-38.62654604351441,-44.19102234675967,4.060266535376162,20.00300888187732
kaydasheva_s001975,0.0,15.0998125,corpus,-44.038850372516556,-46.54541179305273,4.060261767284996,23.475083575003147
kaydasheva_s001900,0.0,12.9898125,corpus,-44.53487057351809,-45.51153349876404,4.060261767284996,20.614174961121172
kaydasheva_s001334,0.0,13.9398125,corpus,-45.51861493454089,-46.721878085516195,4.060242694920334,16.910543375996923
kaydasheva_s002317,0.0,13.9318125,corpus,-43.38064204953338,-44.54964007705939,4.01737152386205,19.40751242757056
kaydasheva_s000388,0.0,15.6498125,corpus,-43.62866413738019,-44.84301670985435,4.01737152386205,22.29847866799997
kaydasheva_s000361,0.0,9.2798125,corpus,-42.758469154094826,-45.267720990710785,4.0173549807601985,21.006992437891732
kaydasheva_s001142,0.0,8.6388125,corpus,-42.67539695457176,-46.71513011720445,4.0173549807601985,19.57736991114713
kaydasheva_s001927,0.0,6.7598125,corpus,-43.432920557507394,-49.458147852044355,4.0173549807601985,18.67222189346746
kaydasheva_s000693,0.0,8.4678125,corpus,-41.2173664403778,-44.82671000740745,4.0173549807601985,20.476792663487412
kaydasheva_s000741,0.0,11.81675,corpus,-42.44993258248731,-45.720170038087026,4.015960510657856,21.14651678370976
kaydasheva_s001015,0.0,14.8288125,corpus,-43.74108384608901,-45.29216762542725,4.015960510657856,17.998347311067096
kaydasheva_s000890,0.0,10.7378125,corpus,-43.88370722765363,-46.33754270726984,4.015960510657856,19.446550088047104
kaydasheva_s000668,0.0,13.4878125,corpus,-43.052214603409936,-44.31878405169022,4.015960510657856,16.776207138641986
kaydasheva_s002007,0.0,10.7828125,corpus,-45.36723823051948,-47.97123921474564,4.015960510657856,8.770406352642404
kaydasheva_s001126,0.0,16.4798125,corpus,-46.81921742263349,-47.849207015264604,4.015960510657856,13.61462145702004
kaydasheva_s001269,0.0,14.1998125,corpus,-44.94675671214789,-46.75386077335903,4.015957702609174,17.176906579410044
kaydasheva_s002186,0.0,11.3398125,corpus,-43.6561397707231,-46.13926432425516,4.009785879003591,17.922057512494675
kaydasheva_s001252,0.0,14.3798125,corpus,-50.710964664464534,-54.81947010247282,4.009262988535015,20.40590830828384
kaydasheva_s001094,0.0,12.4438125,corpus,-43.22611032958199,-45.08635705467162,4.009253474939587,21.10070229999066
kaydasheva_s001333,0.0,9.63775,corpus,-42.15500194502075,-44.663377234276304,4.009251096540731,19.624572264786963
kaydasheva_s001437,0.0,11.6298125,corpus,-44.82418180352536,-46.82274683681103,4.009249907341302,21.889659538429918
kaydasheva_s000411,0.0,7.7398125,corpus,-41.47530583817829,-45.426173746585846,4.009248718141874,19.64352337527469
kaydasheva_s000086,0.0,12.8298125,corpus,-48.22606927123928,-50.93954484727647,3.990182277543023,5.741943263090782
kaydasheva_s001939,0.0,10.0298125,corpus,-44.512022526171485,-47.188246714917916,3.990182277543023,19.232043427522257
kaydasheva_s000994,0.0,13.49475,corpus,-45.472207422164566,-47.73221253449062,3.990182277543023,18.812502428099876
kaydasheva_s001170,0.0,11.1698125,corpus,-42.40250111906894,-45.46993272444781,3.990182277543023,20.441358567422697
kaydasheva_s001922,0.0,7.3858125,corpus,-42.84182330429635,-47.2688108415746,3.990182277543023,16.81276810624585
kaydasheva_s001226,0.0,16.4098125,corpus,-44.879008607556365,-44.98383158662894,3.979193152993282,18.44367380207909
kaydasheva_s000443,0.0,14.2958125,corpus,-45.423735249125876,-47.21471392822266,3.979193152993282,17.993229521411777
kaydasheva_s000808,0.0,10.5998125,corpus,-43.14498820754717,-46.35490329613847,3.9777520200957666,21.81916910242161
kaydasheva_s000282,0.0,13.3798125,corpus,-46.780537649476834,-48.433165266707135,3.9777520200957666,18.003166047236384
kaydasheva_s002097,0.0,12.7028125,corpus,-43.071850393700785,-44.43963101284563,3.977741681715136,17.238674597521317
kaydasheva_s000489,0.0,15.4388125,corpus,-44.0221927623057,-44.44267514725806,3.960213266125268,15.824858798648041
kaydasheva_s001698,0.0,10.6198125,corpus,-42.77391198799435,-44.91675015792106,3.95567030020729,20.70653153911577
kaydasheva_s000301,0.0,9.5598125,corpus,-43.51043573483263,-46.3104732632637,3.9384273315133047,21.415192763384443
kaydasheva_s000448,0.0,11.9698125,corpus,-42.01839233500418,-44.48370936938694,3.9384079953253797,20.531628016833423
kaydasheva_s001915,0.0,15.9098125,corpus,-45.74298790069139,-47.45429107504831,3.9375122940537737,20.98620358527727
kaydasheva_s001201,0.0,4.8808125,corpus,-41.42193903688525,-46.999740064144135,3.93750035743596,19.301159337892983
kaydasheva_s000452,0.0,7.2368125,corpus,-44.718803953729285,-49.89860747655233,3.9374973732815066,17.262146952777666
kaydasheva_s001258,0.0,17.6708125,corpus,-44.795950940860216,-46.033826486223695,3.937488420818146,19.389408423718145
kaydasheva_s000393,0.0,12.4798125,corpus,-41.16061636117789,-43.28110383514665,3.937488420818146,19.370644219564614
kaydasheva_s000258,0.0,6.7798125,corpus,-45.216451189159294,-50.763138557547954,3.9335285663945965,20.33639822447394
kaydasheva_s001800,0.0,3.7398125,corpus,-47.85762032085562,-61.01425109371062,3.9317066570900114,8.735481285647236
kaydasheva_s002074,0.0,7.9798125,corpus,-42.77418154761905,-45.951947930740985,3.91113651595975,21.058914280476593
kaydasheva_s000846,0.0,15.1298125,corpus,-46.22729572868473,-47.247225517450374,3.9080602941037244,21.058777320584447
kaydasheva_s001184,0.0,14.5278125,corpus,-44.891512173090156,-45.907499997120986,3.8970922778038983,19.178574913928458
kaydasheva_s000419,0.0,7.3898125,corpus,-42.27943959320027,-46.33667148760895,3.886398034081546,11.464036118739365
kaydasheva_s000581,0.0,9.4658125,corpus,-46.58529402059134,-48.845455169677734,3.8798751245965115,18.738698377789294
kaydasheva_s000653,0.0,5.6498125,corpus,-41.59539892146018,-48.773718288966585,3.8798751245965115,2.8750531001941315
kaydasheva_s000113,0.0,14.0028125,corpus,-46.9955078125,-50.725978168872516,3.8798751245965115,15.701801839131807
kaydasheva_s000184,0.0,4.2548125,corpus,-37.3355859375,-44.314399376893654,3.879873923253429,23.052981189029033
kaydasheva_s000826,0.0,8.3798125,corpus,-42.35247147225537,-46.71083548069,3.879873923253429,14.943837672545486
kaydasheva_s001321,0.0,9.8898125,corpus,-43.87481436425683,-45.44958918803447,3.879873923253429,18.93462125435431
kaydasheva_s001701,0.0,13.0798125,corpus,-41.6149715691896,-43.273648975276146,3.8798691178811002,20.705478020925103
kaydasheva_s002052,0.0,15.0868125,corpus,-49.42053926441352,-49.533416465476705,3.8798691178811002,18.218976066145153
kaydasheva_s001285,0.0,13.4518125,corpus,-43.88331784386617,-45.51052019673009,3.8798691178811002,21.096295928566235
kaydasheva_s002235,0.0,7.8698125,corpus,-43.11916296060991,-46.54643785953522,3.875880680230542,15.594835035601614
kaydasheva_s002144,0.0,11.3098125,corpus,-44.67463804155614,-46.40188757263788,3.8758746100724975,19.01511107943174
kaydasheva_s001532,0.0,16.3998125,corpus,-45.82275152439024,-47.22959996612979,3.857031676435182,18.697035177603954
kaydasheva_s002096,0.0,14.7598125,corpus,-43.763240493733065,-45.02778696191722,3.8570229343328424,6.83706201764908
kaydasheva_s002220,0.0,4.5598125,corpus,-37.33834892406798,-44.58445098665025,3.8570229343328424,18.490802979652976
kaydasheva_s000240,0.0,9.7478125,corpus,-44.21488381410256,-47.48081503341447,3.8570216854610795,18.472621449802205
kaydasheva_s001799,0.0,13.0018125,corpus,-43.16982572115385,-44.98838190671776,3.8570216854610795,17.271530846996868
kaydasheva_s000174,0.0,10.4368125,corpus,-41.52405112547893,-44.137961769104,3.8570216854610795,17.67532578288808
kaydasheva_s002196,0.0,4.7678125,corpus,-39.261125032756816,-47.59237259084528,3.8570216854610795,20.261257316652696
kaydasheva_s001551,0.0,9.6278125,corpus,-40.79290384865005,-43.85943970628964,3.8570216854610795,16.514148567537287
kaydasheva_s000744,0.0,7.8898125,corpus,-45.10830560836502,-50.98009163538615,3.8570216854610795,22.608075288502647
kaydasheva_s000093,0.0,14.2328125,corpus,-45.54112954585383,-46.739371874860225,3.8555558376155337,16.636641448847946
kaydasheva_s000590,0.0,14.6998125,corpus,-42.65769557823129,-44.05971808269106,3.8555558376155337,15.798213252585821
kaydasheva_s001207,0.0,10.6798125,corpus,-45.66416491104869,-50.62911005020142,3.8555558376155337,18.217501072751325
kaydasheva_s002322,0.0,14.9998125,corpus,-44.5781875,-46.74252554086539,3.8555558376155337,20.49311279611174
kaydasheva_s002091,0.0,6.3298125,corpus,-39.876086097946285,-45.09489179426624,3.8555507222240553,17.71181803833317
kaydasheva_s001816,0.0,16.8698125,corpus,-43.11400600177831,-45.12593554744014,3.8555507222240553,22.17646981280456
kaydasheva_s001233,0.0,13.3598125,corpus,-47.24088346744012,-50.74178914100893,3.8555507222240553,19.889951420945003
kaydasheva_s001152,0.0,6.1798125,corpus,-44.79618603357605,-49.86628561434539,3.8555507222240553,23.093643612700284
kaydasheva_s000487,0.0,11.3628125,corpus,-43.41174144476232,-44.341685964706095,3.8555456068325773,6.769319716554387
kaydasheva_s000601,0.0,17.25375,corpus,-44.138894927536235,-44.58494841646986,3.845003767217533,17.589834239731335
kaydasheva_s001786,0.0,11.7398125,corpus,-43.65020096890971,-46.007310383136456,3.8285649255627017,16.997629112099766
kaydasheva_s000747,0.0,6.0498125,corpus,-37.672184917355374,-42.2457801530946,3.809735540835085,20.606647943054952
kaydasheva_s000343,0.0,17.1498125,corpus,-46.14204172740525,-46.46249967956543,3.8097343516356563,20.109357077102803
kaydasheva_s001081,0.0,15.2498125,corpus,-46.732423155737706,-47.59430425817316,3.8097343516356563,10.390240873603755
kaydasheva_s000276,0.0,15.4898125,corpus,-44.490033892834084,-45.11083849393405,3.8097343516356563,13.465429148052712
kaydasheva_s000753,0.0,12.6698125,corpus,-41.67810896803473,-44.289376404908325,3.7986732113959314,20.840096865226677
kaydasheva_s000166,0.0,13.5398125,corpus,-43.88796794220827,-45.35258146981212,3.7986689071531656,21.20753289476113
kaydasheva_s000938,0.0,15.5998125,corpus,-45.61189903846154,-48.940461515176175,3.7986667550317827,20.88385483079331
kaydasheva_s001819,0.0,13.2998125,corpus,-44.98745594454887,-46.22390290268329,3.7986646029104,5.294817977105252
kaydasheva_s002049,0.0,15.6498125,corpus,-44.91302416134185,-47.58937020338219,3.7986646029104,19.242337522553267
kaydasheva_s001941,0.0,11.4598125,corpus,-45.380048129363004,-48.04191567946454,3.7937581031293526,16.583197741789725
kaydasheva_s000437,0.0,6.53575,corpus,-41.60571961009175,-46.023584823608395,3.7937555568101122,19.678297842007254
kaydasheva_s002076,0.0,8.05875,corpus,-44.520956110421835,-48.662278960732856,3.7937555568101122,15.89445192691175
kaydasheva_s001240,0.0,2.3298125,corpus,-48.00494987258584,-74.78968048095703,3.7937555568101122,2.933866059811095
kaydasheva_s001885,0.0,4.3198125,corpus,-36.31601517288773,-43.04079483494614,3.7937530104908714,20.47967250276627
kaydasheva_s000088,0.0,6.5798125,corpus,-44.40986832731763,-50.24822948918198,3.79374791785239,25.423928168072614
kaydasheva_s002200,0.0,15.2798125,corpus,-45.80480509653141,-45.84990166215336,3.79374791785239,22.330148002796967
kaydasheva_s001096,0.0,16.1288125,corpus,-50.19784562926225,-51.245941496731945,3.7804213871450663,7.2112233703330775
kaydasheva_s000821,0.0,3.7698125,corpus,-37.93004496850133,-46.66030750274658,3.7804045388529697,20.818139974419864
kaydasheva_s001124,0.0,10.1678125,corpus,-42.738565480580135,-45.9702402750651,3.780398922755604,11.742235398705688
kaydasheva_s001490,0.0,13.3998125,corpus,-42.58408348880597,-44.435089224475924,3.780398922755604,16.45301185532844
kaydasheva_s000103,0.0,14.2698125,corpus,-46.362774833566924,-48.26785265166184,3.766539862326772,19.955789423919626
kaydasheva_s001964,0.0,12.0458125,corpus,-47.08222251037344,-47.46376197338104,3.7654250474236033,0.9933680483727123
kaydasheva_s001546,0.0,13.8988125,corpus,-43.65223696043166,-44.771741990689875,3.7654107968950563,17.569104386261422
kaydasheva_s001073,0.0,17.69375,corpus,-45.647262754381,-46.163189198420596,3.7609380861043635,19.225289270521337
kaydasheva_s001506,0.0,17.7698125,corpus,-46.12237531654474,-47.03004848457382,3.7609355015092056,16.232383800199592
kaydasheva_s002240,0.0,7.5498125,corpus,-47.41551117549669,-56.18144058762935,3.7609355015092056,22.39115577481561
kaydasheva_s000508,0.0,8.6338125,corpus,-44.771020422943224,-47.561313896848446,3.7609355015092056,19.57507409972049
kaydasheva_s002324,0.0,3.4598125,corpus,-41.81318020682804,-53.061030599806045,3.7609355015092056,28.85636932417784
kaydasheva_s002173,0.0,16.0468125,corpus,-50.222356892523365,-53.35197750004855,3.7609355015092056,5.497204044182
kaydasheva_s001841,0.0,9.9598125,corpus,-44.316241528614455,-47.40839434244547,3.749594250568427,22.248936362821468
kaydasheva_s000606,0.0,4.2398125,corpus,-38.136334113354955,-45.09923913743761,3.749594250568427,8.955278256377328
kaydasheva_s001525,0.0,17.1508125,corpus,-47.69093932215743,-48.99805655846229,3.7453269188812697,7.815321083242392
kaydasheva_s000805,0.0,8.9698125,corpus,-43.020916074414714,-45.29615176274226,3.745306348862328,19.959205748227067
kaydasheva_s002023,0.0,11.2498125,corpus,-42.952625,-44.757610857486725,3.745306348862328,19.948368771200286
kaydasheva_s000834,0.0,15.7998125,corpus,-45.14847705696202,-46.502556039381396,3.74529349260049,11.082344671079845
kaydasheva_s000660,0.0,14.19775,corpus,-43.055479753521126,-43.63302076721192,3.7452857788433866,17.83810714975578
kaydasheva_s000191,0.0,14.2818125,corpus,-43.83006444765406,-45.268475518710375,3.7452857788433866,17.76658990884881
kaydasheva_s001180,0.0,18.6328125,corpus,-43.212874899355874,-44.07537751896366,3.7452857788433866,20.166030808945635
kaydasheva_s000775,0.0,10.9398125,corpus,-43.70896295132541,-48.470599739639844,3.741071344095542,19.578668256833247
kaydasheva_s001051,0.0,14.4598125,corpus,-46.305854512448136,-47.89331654555925,3.7410579428100688,14.783047850007863
kaydasheva_s001097,0.0,5.7198125,corpus,-39.75547011582168,-46.38807658145302,3.7410512421673316,22.270483826319165
kaydasheva_s001294,0.0,9.3078125,corpus,-44.2475790480666,-46.678075943870105,3.7410512421673316,17.386115407117174
kaydasheva_s000791,0.0,6.29375,corpus,-42.468225233505564,-48.29797348321653,3.7410512421673316,14.915752058893613
kaydasheva_s001705,0.0,14.5398125,corpus,-43.60013325309491,-44.84011885699104,3.741044541524595,18.34536749500913
kaydasheva_s000792,0.0,12.8398125,corpus,-42.76309080510124,-44.763222672557106,3.741044541524595,20.527499592617303
kaydasheva_s001846,0.0,7.9898125,corpus,-41.54663055381727,-45.42483446195528,3.741044541524595,22.91872888799003
kaydasheva_s000260,0.0,4.2768125,corpus,-40.43870473130841,-48.08066499233246,3.741044541524595,19.802253696531025
kaydasheva_s000327,0.0,6.7848125,corpus,-43.00669766316372,-48.45368407202549,3.735914859081762,18.869797532986595
kaydasheva_s001305,0.0,16.7098125,corpus,-47.44815510921604,-49.67497719984788,3.720632703567494,14.278478374416707
kaydasheva_s001789,0.0,5.97075,corpus,-40.79189567629816,-46.067488479614255,3.720632703567494,18.102503570887546
kaydasheva_s000281,0.0,11.5498125,corpus,-43.91275027056277,-45.924997329711914,3.7206237423860746,21.61387463701704
kaydasheva_s002113,0.0,6.7998125,corpus,-41.574310661764706,-46.70892830782159,3.7206237423860746,13.310901744837087
kaydasheva_s000111,0.0,10.4248125,corpus,-46.32614563339731,-48.77456729928243,3.7206147812046555,16.307398685881168
kaydasheva_s002290,0.0,10.8998125,corpus,-46.53786195527523,-49.84493503055057,3.7206147812046555,23.480308827533424
kaydasheva_s001461,0.0,8.2048125,corpus,-43.89787061737805,-46.41602449014153,3.7206147812046555,18.248102500564656
kaydasheva_s000476,0.0,12.6698125,corpus,-41.93851741318074,-45.45240226678089,3.7205968588418163,20.700504893433596
kaydasheva_s001028,0.0,10.2678125,corpus,-46.06362585199611,-48.28971133232117,3.7174849249125503,17.605795131222173
kaydasheva_s002043,0.0,11.3798125,corpus,-43.68175389938489,-44.89731433868408,3.7174776913754553,21.358417775116138
kaydasheva_s001953,0.0,12.2828125,corpus,-43.81070274328176,-45.12058512981121,3.7174776913754553,16.44243065389467
kaydasheva_s002178,0.0,14.3098125,corpus,-46.1097571628232,-47.650584227555285,3.7174776913754553,21.270681624903055
kaydasheva_s001871,0.0,12.7898125,corpus,-47.273290901094605,-47.46938344466785,3.7174776913754553,17.897117926791264
kaydasheva_s001726,0.0,15.2608125,corpus,-43.80173349442988,-45.12064581650954,3.7104506365226544,18.086666594143075
kaydasheva_s002333,0.0,10.4898125,corpus,-50.696727538131555,-52.21873851206111,3.7063773267973747,4.1379557197471115
kaydasheva_s002120,0.0,13.6398125,corpus,-45.96954900568182,-45.9369844835858,3.703623564061738,19.318634523313534
kaydasheva_s002193,0.0,5.41575,corpus,-39.027657258994466,-45.47960979288275,3.6871715769575175,23.28043798468569
kaydasheva_s000268,0.0,7.4898125,corpus,-43.328560476468624,-46.351329382728125,3.687168592803064,23.495734086632375
kaydasheva_s000531,0.0,8.13175,corpus,-41.327884763222634,-44.14591897858514,3.685977303206957,18.25213198776703
kaydasheva_s001436,0.0,7.0898125,corpus,-42.32138134696756,-47.38042912763708,3.678603404494104,20.131263307126858
kaydasheva_s002276,0.0,12.5898125,corpus,-44.90131987192216,-45.24721885308987,3.6783221916577924,14.900911074920831
kaydasheva_s001200,0.0,5.3698125,corpus,-38.41784508845438,-44.59850224581632,3.6783221916577924,21.289752925706665
kaydasheva_s001798,0.0,8.3298125,corpus,-43.06093843787515,-48.23973370747394,3.6783221916577924,23.315931336791785
kaydasheva_s000300,0.0,13.2998125,corpus,-44.29793820488722,-46.63165559574049,3.6783221916577924,20.015442172189708
kaydasheva_s000115,0.0,11.2498125,corpus,-40.05802777777778,-41.97556395279734,3.6783221916577924,19.40846293684465
kaydasheva_s000385,0.0,14.4098125,corpus,-45.75214152498265,-47.306993857362215,3.6783221916577924,21.746202187547084
kaydasheva_s001595,0.0,15.5478125,corpus,-44.45683279742765,-46.8224408733311,3.6783221916577924,19.461467930059264
kaydasheva_s002040,0.0,12.0698125,corpus,-45.17629259009942,-47.06322953252509,3.67328295531885,19.278831502478084
kaydasheva_s000500,0.0,5.8298125,corpus,-40.08971309498285,-44.38161698254672,3.6732735107489014,16.879387015070556
kaydasheva_s000541,0.0,14.2078125,corpus,-47.33352942470091,-52.24986056983471,3.6732716218349117,18.880743244280616
kaydasheva_s000887,0.0,5.13675,corpus,-41.906994771400775,-49.5627326965332,3.6732716218349117,16.527739503324682
kaydasheva_s000232,0.0,12.6048125,corpus,-46.87527591765873,-49.84980804751618,3.670429591813579,16.39513182735902
kaydasheva_s001107,0.0,8.65875,corpus,-47.9566297993649,-50.33784353733063,3.670429591813579,19.41660817551894
kaydasheva_s001990,0.0,15.1998125,corpus,-43.88267372532895,-45.73166847229004,3.670429591813579,19.404217630507297
kaydasheva_s002020,0.0,16.2398125,corpus,-44.43769723676108,-46.16777881761877,3.670429591813579,17.892853936902107
kaydasheva_s001341,0.0,12.7828125,corpus,-42.847038830203445,-45.4658128127311,3.670429591813579,20.834940312715297
kaydasheva_s002255,0.0,17.71775,corpus,-44.20546169582393,-44.34601892398882,3.670429591813579,19.498627623860628
kaydasheva_s000034,0.0,10.73475,corpus,-43.64780041356011,-45.4187126159668,3.670429591813579,16.76332096930968
kaydasheva_s001173,0.0,13.5198125,corpus,-42.20958533653846,-42.25965874882068,3.6704275239258473,15.129527997704505
kaydasheva_s001377,0.0,4.2698125,corpus,-49.710658482142854,-60.794724464416504,3.670425456038116,5.780576505807516
kaydasheva_s001801,0.0,4.9098125,corpus,-36.500898994399186,-42.71965499151321,3.6704213202626526,22.879012743697967
kaydasheva_s000771,0.0,8.5498125,corpus,-45.754915935672514,-49.00914159997717,3.6704130487117266,22.03224641200711
kaydasheva_s000323,0.0,16.6468125,corpus,-44.88607826576577,-45.649547516830324,3.6704130487117266,18.75883100389325
kaydasheva_s001071,0.0,9.8238125,corpus,-46.84668565427699,-50.09716308116913,3.6704130487117266,14.60029796099393
kaydasheva_s001140,0.0,9.7238125,corpus,-44.79108796296296,-48.71754269023518,3.6704130487117266,19.70977755972584
kaydasheva_s001459,0.0,10.0278125,corpus,-44.9488721335992,-47.09654546101888,3.6602952079502566,14.299162998062615
kaydasheva_s000159,0.0,12.2398125,corpus,-42.251991421568626,-44.81028460680954,3.6602952079502566,19.76743399391678
kaydasheva_s001049,0.0,13.5418125,corpus,-45.96664685653619,-48.61855183541775,3.6602952079502566,18.46703710182021
kaydasheva_s000121,0.0,4.6398125,corpus,-37.61986462823276,-44.749701876973,3.6602952079502566,20.92953124596236
kaydasheva_s000966,0.0,13.1498125,corpus,-43.97340779467681,-45.31544970063602,3.6602952079502566,15.550508223588455
kaydasheva_s000128,0.0,7.6648125,corpus,-42.40618625571149,-45.13637125492096,3.660292823904674,17.352008282360813
kaydasheva_s001768,0.0,7.1498125,corpus,-40.19686134178322,-44.484432175045924,3.660292823904674,19.53275101434491
kaydasheva_s001727,0.0,12.6598125,corpus,-44.620319288112164,-47.523543762207034,3.6602856717679253,21.927786720577412
kaydasheva_s001452,0.0,11.7608125,corpus,-43.211947278911566,-45.21072990282447,3.6602856717679253,18.15874078397721
kaydasheva_s002176,0.0,9.03575,corpus,-43.26051317063053,-46.64454460144043,3.6602761355855944,20.07612615614984
kaydasheva_s001214,0.0,3.7598125,corpus,-39.94963950299202,-50.88564895181095,3.6532781554597658,25.415303647334117
kaydasheva_s000878,0.0,14.1298125,corpus,-43.654367369957534,-45.773104682335486,3.6475009675596946,20.908986572410242
kaydasheva_s000019,0.0,11.5678125,corpus,-45.789943685177185,-47.61478564105457,3.6475009675596946,18.970260655178485
kaydasheva_s000963,0.0,8.2258125,corpus,-45.444420185297695,-50.58578876654307,3.6474972209444063,20.56873846264839
kaydasheva_s001678,0.0,6.5468125,corpus,-44.679094107824426,-51.94807981515859,3.6474959720726434,19.872963953894725
kaydasheva_s001120,0.0,4.7058125,corpus,-41.38563229830149,-49.26089346408844,3.6474959720726434,19.353774217691864
kaydasheva_s000984,0.0,10.2698125,corpus,-43.86405717502434,-46.903993119133844,3.6474909765855923,19.30798233832481
kaydasheva_s000136,0.0,13.6688125,corpus,-42.8913450987564,-44.75461977549961,3.6474909765855923,18.98377617835357
kaydasheva_s000063,0.0,8.7698125,corpus,-43.43056941277081,-47.50146528569663,3.6474909765855923,20.006240538527905
kaydasheva_s000267,0.0,12.91175,corpus,-41.568472840821066,-43.634328092265335,3.6474809856114896,14.592632748179033
kaydasheva_s000622,0.0,3.87875,corpus,-37.373791881443296,-42.947389920552574,3.6450864020718896,17.114923987283895
kaydasheva_s000657,0.0,9.6098125,corpus,-45.20599879682622,-48.20560550689697,3.6450864020718896,20.489945330884893
kaydasheva_s001259,0.0,13.6798125,corpus,-44.153891401681285,-45.95800006598757,3.6450864020718896,17.73061648966135
kaydasheva_s001830,0.0,12.2298125,corpus,-45.13883636549468,-47.44262336504342,3.6450864020718896,18.805950842744675
kaydasheva_s000203,0.0,13.7898125,corpus,-43.2161524428934,-45.44023593042938,3.6450864020718896,18.50454577966073
kaydasheva_s000815,0.0,3.6698125,corpus,-35.91952805688011,-45.372050439157796,3.6450837548482777,22.34944180176793
kaydasheva_s002009,0.0,10.9498125,corpus,-45.82126498287671,-48.629924359528914,3.645081107624666,17.720880989212368
kaydasheva_s001492,0.0,10.83375,corpus,-43.238681613573405,-43.67977237701416,3.645081107624666,19.68936434410628
kaydasheva_s001514,0.0,6.9098125,corpus,-43.671405797756876,-48.00918564200401,3.645075813177442,22.921845031842885
kaydasheva_s002212,0.0,13.3658125,corpus,-44.005957250373974,-46.334584619581086,3.6450652242829946,20.860885476896005
kaydasheva_s001345,0.0,14.3998125,corpus,-45.33171115451389,-47.49270910557693,3.6450652242829946,16.943681179443864
kaydasheva_s000094,0.0,7.9558125,corpus,-41.95440581815327,-45.7651268847577,3.6450652242829946,20.35989449152563
kaydasheva_s002216,0.0,9.6608125,corpus,-44.573794157608695,-46.48357726954207,3.6450652242829946,16.689932380620938
kaydasheva_s000225,0.0,12.1368125,corpus,-45.26469187602965,-48.47809972434208,3.6450652242829946,18.037956655931236
kaydasheva_s001425,0.0,14.5798125,corpus,-45.409459662208505,-47.27829638261061,3.6450652242829946,21.22322976446347
kaydasheva_s000409,0.0,10.1198125,corpus,-44.4959393527668,-47.76768295388473,3.6409958574499166,15.806947360525797
kaydasheva_s000643,0.0,6.5298125,corpus,-43.38363502584227,-47.319821191870645,3.6409958574499166,17.11016904118302
kaydasheva_s000765,0.0,4.4618125,corpus,-40.19770792460762,-50.80073078258617,3.6409958574499166,20.964165878429515
kaydasheva_s001314,0.0,8.4298125,corpus,-48.997840673190986,-53.56109143892924,3.6409958574499166,13.229796051791471
kaydasheva_s001592,0.0,13.4598125,corpus,-45.039613902303124,-47.21594919079411,3.6409958574499166,18.3615011646825
kaydasheva_s002315,0.0,11.0448125,corpus,-42.02697223165761,-43.40837846151212,3.6409958574499166,17.62454888538099
kaydasheva_s000561,0.0,15.4798125,corpus,-41.80644884528424,-43.545372009277344,3.6409958574499166,15.488309470023985
kaydasheva_s000417,0.0,14.4198125,corpus,-43.594752297156724,-45.53372676130654,3.6409958574499166,20.016073575681396
kaydasheva_s000882,0.0,15.8618125,corpus,-43.667683046973515,-46.02450307210287,3.6409958574499166,21.254581283380393
kaydasheva_s001578,0.0,7.0098125,corpus,-40.46431994472183,-44.97394228653169,3.6409958574499166,20.377612332355643
kaydasheva_s001402,0.0,16.8818125,corpus,-44.289715084419434,-46.375540144303265,3.6409945786020472,14.934417550815285
kaydasheva_s001951,0.0,10.9278125,corpus,-41.996351069304666,-44.51555495135552,3.621280041363012,20.982351255896784
kaydasheva_s001569,0.0,15.0998125,corpus,-44.25552566225166,-46.26302535242314,3.6181360528275177,21.100108639735243
kaydasheva_s000143,0.0,12.73175,corpus,-45.400060757069916,-46.35710619854671,3.6181328246454436,17.380107166036048
kaydasheva_s001122,0.0,8.85275,corpus,-42.16219985875706,-45.4422906326921,3.618131748584752,19.094087399751782
kaydasheva_s000424,0.0,9.0318125,corpus,-43.05637891057586,-46.82548315628715,3.618131748584752,15.638593758490034
kaydasheva_s000988,0.0,12.4488125,corpus,-43.25554718875502,-45.35740310668945,3.6102247419271527,17.810672190682517
kaydasheva_s000978,0.0,13.2798125,corpus,-44.71632624246988,-46.99418883764443,3.6102247419271527,20.030525778782277
kaydasheva_s001731,0.0,11.6678125,corpus,-44.59607634425878,-45.67618693945543,3.6102199851294388,18.275996648444192
kaydasheva_s000843,0.0,4.71475,corpus,-39.35754213110403,-44.34028230864426,3.6102199851294388,20.925814498554402
kaydasheva_s001730,0.0,13.0898125,corpus,-42.35037182486631,-44.607726766352066,3.6102199851294388,18.838786067703573
kaydasheva_s001688,0.0,12.5168125,corpus,-43.58472693690096,-46.755241424079955,3.6102152283317253,17.598991444242976
kaydasheva_s001348,0.0,12.8708125,corpus,-44.48207131410256,-46.16170539230597,3.6102152283317253,18.371231744524582
kaydasheva_s000374,0.0,11.8098125,corpus,-42.60774436388654,-44.256481231527125,3.5828516051676575,18.995104335400868
kaydasheva_s000429,0.0,14.67475,corpus,-44.8418434730743,-47.12325293017972,3.5828453549670987,19.242685521089435
kaydasheva_s000602,0.0,14.4698125,corpus,-44.19778258897719,-46.332567695233465,3.5828453549670987,21.50171117002262
kaydasheva_s000089,0.0,11.8238125,corpus,-44.584066994500844,-45.482311265809194,3.567482929522408,19.08012123786611
kaydasheva_s000168,0.0,15.1638125,corpus,-44.22686139511873,-46.30178572291093,3.5674818440468425,18.82741345684348
kaydasheva_s000582,0.0,15.6098125,corpus,-46.09667781069827,-47.63962710860872,3.5636126727661126,21.72129733329677
kaydasheva_s001779,0.0,9.9018125,corpus,-44.31664693813131,-46.51670253638065,3.5448485670480823,14.241862882831478
kaydasheva_s000518,0.0,13.8198125,corpus,-44.383072539797396,-47.18303409842558,3.5448485670480823,21.615231560200257
kaydasheva_s000004,0.0,13.0398125,corpus,-41.64543591832822,-43.584656020342294,3.544837334853351,19.8400481833739
kaydasheva_s000196,0.0,12.5498125,corpus,-40.60249315239044,-42.478743285463565,3.544129321303276,18.245254229587207
kaydasheva_s001663,0.0,6.6798125,corpus,-44.49183371538174,-50.46030151680724,3.5441241521129605,18.89593907896791
kaydasheva_s000772,0.0,18.83275,corpus,-43.082286411311735,-44.222652582968436,3.544118982922645,13.331902493028641
kaydasheva_s001093,0.0,16.91775,corpus,-46.697048611111114,-47.061439698742284,3.5435472476576066,17.397411373486676
kaydasheva_s001817,0.0,17.4698125,corpus,-46.11411079708071,-47.77333086319552,3.5331421022576555,19.60473180783551
kaydasheva_s001219,0.0,7.2888125,corpus,-44.12069990997942,-51.902445914528585,3.5331421022576555,20.435758452935705
kaydasheva_s000906,0.0,12.6368125,corpus,-43.91732285897943,-45.634356415387494,3.5331421022576555,19.68029716635278
kaydasheva_s002101,0.0,6.25675,corpus,-41.80815070886582,-46.16350451686926,3.532928134544059,15.815073491783657
kaydasheva_s000057,0.0,15.27375,corpus,-43.987807997707925,-45.832994733537944,3.532928134544059,18.361857436637607
kaydasheva_s001344,0.0,8.4298125,corpus,-41.6432384341637,-44.167060479350475,3.532928134544059,12.343452324056901
kaydasheva_s001590,0.0,12.0658125,corpus,-44.304036997721624,-46.32866559287374,3.532928134544059,18.45529340207173
kaydasheva_s000761,0.0,2.8498125,corpus,-34.35142886513158,-46.786073207855225,3.5232967453539183,24.38298875425148
kaydasheva_s002303,0.0,11.2438125,corpus,-51.46411393460854,-54.27106106534917,3.5020936864035446,21.018291478571555
kaydasheva_s001237,0.0,9.1618125,corpus,-42.0992511599345,-45.021856035505024,3.5020936864035446,17.753797528619742
kaydasheva_s000416,0.0,6.0808125,corpus,-42.31457198293585,-47.17722249031067,3.5020936864035446,18.090655448358447
kaydasheva_s001882,0.0,11.3098125,corpus,-46.24059529730327,-47.91137177267192,3.5020936864035446,19.411956324415097
kaydasheva_s000929,0.0,14.1198125,corpus,-44.45775883055949,-46.44681662701546,3.4767752654344846,19.94291268038162
kaydasheva_s001642,0.0,12.81275,corpus,-43.2487131635441,-44.98110078020794,3.4767704600621556,18.972837631497498
kaydasheva_s002332,0.0,6.4608125,corpus,-43.53381990131579,-48.48248456872028,3.4767704600621556,18.38821551413138
kaydasheva_s000706,0.0,10.9598125,corpus,-43.928112169251825,-47.64591454923823,3.4767704600621556,19.847323784318785
kaydasheva_s002116,0.0,13.2498125,corpus,-42.640990566037736,-44.11634937409432,3.4767704600621556,17.176826159050158
kaydasheva_s001904,0.0,12.5098125,corpus,-44.96840964728217,-46.70333999948403,3.4767704600621556,23.410606553544756
kaydasheva_s002190,0.0,8.6898125,corpus,-44.19001276611047,-48.62700702617695,3.4767704600621556,21.73507739274597
kaydasheva_s000559,0.0,16.9498125,corpus,-43.78688237463127,-45.299300305255045,3.4767656546898267,20.976757435563847
kaydasheva_s001054,0.0,13.6898125,corpus,-43.85319747534697,-45.22236507657974,3.4665700880026313,15.972154298890672
kaydasheva_s002143,0.0,8.8018125,corpus,-44.80536665482955,-47.88792877197265,3.4665629627383576,22.602087871621755
kaydasheva_s001787,0.0,13.7358125,corpus,-45.05612604621543,-45.397537333624705,3.4665629627383576,18.206927130977395
kaydasheva_s000831,0.0,16.0398125,corpus,-45.19900931265586,-46.50333135720067,3.459139068996457,18.92275918036735
kaydasheva_s002260,0.0,11.4898125,corpus,-43.53180075065274,-45.274344217979305,3.4591339756071133,18.73413544753614
kaydasheva_s001843,0.0,10.1018125,corpus,-43.118502475247524,-45.42380188450669,3.4591288822177697,14.328061787390741
kaydasheva_s000049,0.0,17.6508125,corpus,-46.5472645184136,-47.39169024805869,3.4591288822177697,20.014597614787057
kaydasheva_s001771,0.0,13.0248125,corpus,-46.19462245583718,-49.13333319014862,3.4591288822177697,18.81809369752012
kaydasheva_s001026,0.0,5.4998125,corpus,-42.689325284090906,-53.06979506356375,3.4591288822177697,19.466986800168375
kaydasheva_s000638,0.0,8.7498125,corpus,-46.569816964285714,-48.01755574854409,3.45708435338746,15.564598275678264
kaydasheva_s000322,0.0,10.5698125,corpus,-44.4886323320719,-47.639185628024016,3.457078409632431,18.5555739134047
kaydasheva_s002075,0.0,11.4648125,corpus,-42.7975839877836,-45.61010104908663,3.4570724658774026,20.844220879650386
kaydasheva_s000870,0.0,8.6048125,corpus,-43.7181277252907,-46.44178884537494,3.4570724658774026,19.3384675694463
kaydasheva_s002269,0.0,8.5998125,corpus,-43.54964117005814,-50.43080222897413,3.4379702586842074,18.190042249765455
kaydasheva_s001999,0.0,4.79175,corpus,-40.99446682541754,-48.89887973240444,3.4375988942591045,20.837085655558322
kaydasheva_s000420,0.0,13.4458125,corpus,-45.16828241171004,-46.28834095474117,3.4375988942591045,14.752240454485586
kaydasheva_s001988,0.0,6.5298125,corpus,-41.06339131891271,-46.34094742995042,3.4375988942591045,22.319222929928095
kaydasheva_s002054,0.0,7.6598125,corpus,-45.33488699412533,-48.3294892391916,3.4375988942591045,16.393803851408535
kaydasheva_s000874,0.0,8.4498125,corpus,-42.61618897928994,-45.967365522642396,3.4375988942591045,14.973927975127072
kaydasheva_s002182,0.0,3.8698125,corpus,-36.08491551598837,-45.1023686913883,3.4375988942591045,24.508714165331142
kaydasheva_s000925,0.0,16.5438125,corpus,-45.456544740024185,-46.04292939049857,3.4375988942591045,19.802560994941892
kaydasheva_s000945,0.0,15.3198125,corpus,-44.2554310133812,-46.392660672547386,3.4368427964790755,22.43993991828152
kaydasheva_s001331,0.0,12.1658125,corpus,-46.38332926766639,-50.629466095749216,3.4368427964790755,7.344874247030095
kaydasheva_s000317,0.0,12.8898125,corpus,-43.98705391776571,-45.82826416135773,3.4368427964790755,19.736786350753906
kaydasheva_s000852,0.0,6.0598125,corpus,-40.55725299092409,-46.669330531153186,3.4368427964790755,18.92318560989888
kaydasheva_s002165,0.0,10.5598125,corpus,-44.74586070667613,-48.83198081806142,3.436841304401849,20.434053235237734
kaydasheva_s001178,0.0,11.8668125,corpus,-52.08879725673968,-58.39978617480678,3.436830859861262,19.277545570183207
kaydasheva_s002164,0.0,12.4998125,corpus,-44.249090625,-46.868595754183254,3.4264563388502127,20.83379577210978
kaydasheva_s001295,0.0,8.0598125,corpus,-42.54276035204715,-42.16969349509791,3.426440992675778,17.930005496739398
kaydasheva_s002218,0.0,11.9828125,corpus,-44.200979497078464,-46.467056675961146,3.426440992675778,19.07114060982994
kaydasheva_s000944,0.0,7.2258125,corpus,-42.80184020573997,-46.71944932376637,3.426440992675778,17.629736542241915
kaydasheva_s001500,0.0,9.1798125,corpus,-44.88859953703704,-47.31605222225189,3.426440992675778,17.039973502937265
kaydasheva_s000479,0.0,5.0198125,corpus,-39.45437780129482,-49.22571080230003,3.426439713827908,21.98054414322691
kaydasheva_s000591,0.0,12.4098125,corpus,-41.46958727840451,-44.009950739996775,3.4264358772842995,17.681642388776115
kaydasheva_s001350,0.0,11.4998125,corpus,-43.130628396739134,-47.7333345413208,3.4264358772842995,18.43498340202376
kaydasheva_s002326,0.0,11.6698125,corpus,-42.92361892137961,-45.62082116744097,3.4264358772842995,18.664752168374992
kaydasheva_s001307,0.0,10.0698125,corpus,-47.214917452830186,-51.057069568634034,3.4264358772842995,21.628553506996212
kaydasheva_s001014,0.0,12.5828125,corpus,-46.32761886426868,-47.59924924491656,3.4264358772842995,20.187815423090107
kaydasheva_s000980,0.0,8.83475,corpus,-43.740939977349946,-46.24692086739974,3.412420142441729,20.256432222956935
kaydasheva_s000350,0.0,9.0908125,corpus,-42.30768272139714,-46.165425300598145,3.41070680782265,17.45142187245831
kaydasheva_s001880,0.0,3.0458125,corpus,-38.965131915983605,-57.836685498555504,3.410705618623221,21.59904534555013
kaydasheva_s000800,0.0,14.7658125,corpus,-45.18706626607989,-46.60851279759811,3.410705618623221,4.261691161621993
kaydasheva_s001903,0.0,8.1198125,corpus,-43.111818811576356,-44.90935278629911,3.410705618623221,20.07718096875936
kaydasheva_s000695,0.0,10.1398125,corpus,-42.539848372781066,-46.22367637913401,3.410705618623221,22.543946398854125
kaydasheva_s000760,0.0,10.6598125,corpus,-45.471593574108816,-47.99242076419649,3.410705618623221,11.520486356230286
kaydasheva_s002293,0.0,4.5568125,corpus,-39.59839295504386,-46.6438011994233,3.410705618623221,23.447677959683414
kaydasheva_s000953,0.0,14.4078125,corpus,-43.819648356176266,-46.280625618828665,3.410704429423793,15.669682655812853
kaydasheva_s000794,0.0,5.1198125,corpus,-42.006629943847656,-48.93736219406128,3.385369437525258,21.89075889703794
kaydasheva_s001112,0.0,13.9498125,corpus,-46.15068884408602,-45.611599190721236,3.3853650956229977,20.309257784953733
kaydasheva_s002039,0.0,10.9878125,corpus,-43.56863128412193,-46.145610695454614,3.3665774020350945,20.59243341514653
kaydasheva_s000255,0.0,9.7108125,corpus,-42.093307479402675,-44.792174737664716,3.366557031481169,17.466745889891993
kaydasheva_s001781,0.0,12.5438125,corpus,-44.27935606060606,-46.51915642821673,3.366557031481169,20.32556392695472
kaydasheva_s001210,0.0,8.7308125,corpus,-45.35037675400916,-49.66191150523998,3.3665519388426874,21.344339479770532
kaydasheva_s001623,0.0,6.57275,corpus,-44.28909520072298,-45.61966380206022,3.3665519388426874,14.037948709131932
kaydasheva_s000365,0.0,11.21675,corpus,-45.16113107174688,-47.80113443647112,3.3665519388426874,13.834875713317237
kaydasheva_s001041,0.0,11.9198125,corpus,-44.9319060664849,-47.199622790018715,3.3665468462042063,13.340944583523562
kaydasheva_s001451,0.0,14.6588125,corpus,-44.34798399130287,-45.84417388313695,3.3665366609272436,17.115714540068915
kaydasheva_s001393,0.0,13.9698125,corpus,-45.25266754652827,-46.94743149153149,3.3665366609272436,19.42279433930456
kaydasheva_s001329,0.0,10.0398125,corpus,-45.5861125809263,-47.03083584226411,3.3563685217827595,20.453204502290646
kaydasheva_s000502,0.0,8.45275,corpus,-44.99434171597633,-48.93673470020294,3.3563685217827595,23.730534453480814
kaydasheva_s002060,0.0,7.9898125,corpus,-41.202978332290364,-45.45717779347594,3.3563685217827595,18.903197439687798
kaydasheva_s000979,0.0,15.4498125,corpus,-47.614659182847895,-48.662333474014744,3.356360966126801,6.296495469887695
kaydasheva_s000785,0.0,12.8098125,corpus,-49.190528029859486,-52.47896304431262,3.356353410470842,21.119274878227454
kaydasheva_s001292,0.0,16.1698125,corpus,-47.88396722325294,-49.24027532849993,3.344764910110839,20.354508369751976
kaydasheva_s000332,0.0,6.0698125,corpus,-42.32401925453048,-45.2153553186461,3.344764910110839,20.07010715803908
kaydasheva_s001956,0.0,3.9118125,corpus,-41.81699318654092,-51.67251857121786,3.3447626698154846,20.2444044613474
kaydasheva_s000275,0.0,9.0808125,corpus,-46.014278462279734,-48.59511403684263,3.334002730922293,19.867684790824093
kaydasheva_s001155,0.0,11.6938125,corpus,-44.14662639007699,-46.79591409434443,3.3339674802586963,20.318272737552583
kaydasheva_s001747,0.0,8.15175,corpus,-46.59859087423313,-50.40059034508395,3.3273102181215575,2.98301984779153
kaydasheva_s000961,0.0,11.7398125,corpus,-45.45405997125213,-47.627967278162636,3.3273076335264,18.0207472598158
kaydasheva_s001141,0.0,13.9958125,corpus,-43.54828683035714,-45.33845850709197,3.3273024643360847,20.791263463890182
kaydasheva_s001212,0.0,5.5498125,corpus,-41.89006545608108,-43.48250364488171,3.3234938634283018,11.881673939791852
kaydasheva_s000522,0.0,11.3398125,corpus,-45.12357735339506,-47.57407709495308,3.3234938634283018,18.237007931219384
kaydasheva_s001637,0.0,18.0558125,corpus,-45.57362610741971,-46.13428090258343,3.323487659765107,15.681099742765117
kaydasheva_s000565,0.0,9.3198125,corpus,-43.741789330740346,-46.424343808492026,3.323487659765107,23.048136012505637
kaydasheva_s001966,0.0,13.4088125,corpus,-44.88349412751678,-47.174413810342045,3.323487659765107,16.9472565461452
kaydasheva_s001874,0.0,17.1498125,corpus,-45.976603498542275,-46.771443870332504,3.323487659765107,20.513004389703504
kaydasheva_s002192,0.0,7.9658125,corpus,-44.84811696204517,-47.8727984726429,3.323487659765107,11.560993337458928
kaydasheva_s001221,0.0,16.95475,corpus,-45.544768620943955,-46.11746932983399,3.323487659765107,17.15414773694116
kaydasheva_s001271,0.0,5.9098125,corpus,-43.481912938874785,-46.46019609963022,3.323487659765107,19.782668145406845
kaydasheva_s001535,0.0,12.1458125,corpus,-47.72854616769548,-50.65609259744292,3.3206994431177823,14.0366299798411
kaydasheva_s001088,0.0,12.7168125,corpus,-43.121827707350626,-44.661867003287036,3.320686942716664,18.554543742476753
kaydasheva_s001666,0.0,14.4928125,corpus,-46.03041968599034,-46.94604985306903,3.313911911620745,18.618982222864787
kaydasheva_s000431,0.0,13.8598125,corpus,-47.89611516955267,-47.03770783829363,3.313911911620745,20.856177772619635
kaydasheva_s002289,0.0,8.8148125,corpus,-46.3052639046538,-47.511533451080325,3.31390676911601,18.30120173815867
kaydasheva_s001928,0.0,8.9878125,corpus,-42.81078802836485,-45.764057258079795,3.31390676911601,13.654311432168342
kaydasheva_s001337,0.0,7.03375,corpus,-44.38763002311522,-48.96761350489374,3.3139016266112744,19.199055620012757
kaydasheva_s002031,0.0,13.5998125,corpus,-44.920970243566174,-47.12487605145869,3.3138913416018037,20.60274557604503
kaydasheva_s002073,0.0,14.0998125,corpus,-44.548298980496455,-45.53742881254716,3.312959007597627,21.617149361129506
kaydasheva_s000903,0.0,11.7808125,corpus,-43.21314927313243,-45.45747394561768,3.312959007597627,16.956381387587996
kaydasheva_s002247,0.0,6.3138125,corpus,-45.13275059429477,-50.49673346867637,3.312959007597627,14.972182068149515
kaydasheva_s001418,0.0,13.6698125,corpus,-45.19407232991953,-47.26925685188987,3.312959007597627,20.019953562632836
kaydasheva_s000284,0.0,5.2798125,corpus,-44.19590065696023,-50.5080392257027,3.312959007597627,20.273560329024686
kaydasheva_s001765,0.0,15.67175,corpus,-45.224413688576895,-46.91527986526489,3.312959007597627,17.22621512854163
kaydasheva_s000523,0.0,7.5898125,corpus,-41.29004292243083,-46.054530531167984,3.312959007597627,20.542225015116138
kaydasheva_s001547,0.0,3.5398125,corpus,-39.09452242231639,-49.85684002467564,3.312959007597627,25.15177224597753
kaydasheva_s001284,0.0,13.07375,corpus,-44.56403321059679,-44.76188895576879,3.312959007597627,6.3482505469706005
kaydasheva_s000683,0.0,6.5418125,corpus,-44.59805941800459,-50.293506377083915,3.312959007597627,19.723552504083724
kaydasheva_s002132,0.0,16.6698125,corpus,-45.37348624025195,-46.76502735991227,3.312959007597627,20.351627491491694
kaydasheva_s002083,0.0,8.9898125,corpus,-44.96732915044494,-47.88446990648905,3.3129565964185956,20.18039309640556
kaydasheva_s001129,0.0,11.3038125,corpus,-44.16294939159292,-46.3992825349172,3.312954185239564,18.732010550135684
kaydasheva_s000936,0.0,13.9228125,corpus,-46.570764300466955,-48.559109771728515,3.312920428733121,16.148177052488386
kaydasheva_s001985,0.0,10.2348125,corpus,-42.724500549853374,-45.53213644540438,3.293746671053781,19.502831846571727
kaydasheva_s001449,0.0,5.0398125,corpus,-40.63455248635913,-47.5291362285614,3.293746671053781,14.108366706477884
kaydasheva_s001217,0.0,10.8048125,corpus,-42.41110749421296,-44.54418189639137,3.293746671053781,18.281322246689605
kaydasheva_s000636,0.0,11.3198125,corpus,-46.85791533237632,-48.423033452295996,3.2800521785290826,14.783399244194749
kaydasheva_s002048,0.0,11.8268125,corpus,-43.14542939032122,-44.66116924460875,3.2800521785290826,19.45181268124801
kaydasheva_s001608,0.0,8.6998125,corpus,-44.563914331896555,-48.9918560925652,3.2800521785290826,16.877604677323752
kaydasheva_s000734,0.0,13.79875,corpus,-42.783763586956525,-44.68574459873029,3.2800521785290826,16.248909569070374
kaydasheva_s001193,0.0,15.2598125,corpus,-45.22112037188729,-46.191209204244934,3.2800507286771,20.456472412455504
kaydasheva_s001550,0.0,8.2898125,corpus,-43.53133010404101,-47.464247563306024,3.275218728466519,17.544536792265966
kaydasheva_s000427,0.0,16.39775,corpus,-46.39166349085366,-48.39319732898974,3.275218728466519,17.78845992319164
kaydasheva_s001958,0.0,3.2618125,corpus,-36.669745135161044,-48.14242894308908,3.275218728466519,22.437988106277306
kaydasheva_s000481,0.0,8.8948125,corpus,-43.37807578740158,-45.93462536252778,3.275218728466519,17.52182280031672
kaydasheva_s000909,0.0,6.1198125,corpus,-42.043265548406865,-48.85413311145924,3.275218728466519,25.29675785163179
kaydasheva_s001472,0.0,11.2398125,corpus,-44.23538631561388,-46.416770860260606,3.275218728466519,19.29679053783476
kaydasheva_s001763,0.0,10.7498125,corpus,-45.292718023255816,-47.7342761905714,3.275218728466519,14.885512537742214
kaydasheva_s000046,0.0,3.69375,corpus,-40.36477123560298,-51.73129169757549,3.275218728466519,13.318752444047002
kaydasheva_s000413,0.0,14.83875,corpus,-43.30613523416442,-44.266620009286065,3.275218728466519,9.462046512292291
kaydasheva_s000788,0.0,6.65875,corpus,-39.562230198948946,-45.269464266502254,3.275218728466519,21.30266344384193
kaydasheva_s001948,0.0,6.5458125,corpus,-41.29462965171756,-45.892490582588394,3.275218728466519,18.386856119703573
kaydasheva_s001588,0.0,7.5198125,corpus,-43.489431827626326,-48.25065283939756,3.275218728466519,20.2288224813624
kaydasheva_s001613,0.0,12.7898125,corpus,-42.5901522185301,-43.01793132509504,3.275218728466519,21.338061808540907
kaydasheva_s000527,0.0,8.7498125,corpus,-43.57777232142857,-47.55475303454277,3.275218728466519,17.78507664967408
kaydasheva_s000264,0.0,13.7598125,corpus,-49.74636627906977,-54.340485482845665,3.275218728466519,12.957429820178383
kaydasheva_s001078,0.0,5.0438125,corpus,-37.416042751736114,-43.898431830936005,3.275218728466519,20.331572784922997
kaydasheva_s000185,0.0,6.1598125,corpus,-38.02303165584416,-42.04904433091482,3.275218728466519,22.157595150944196
kaydasheva_s000962,0.0,4.9098125,corpus,-40.77220436608961,-47.39520486971227,3.275218728466519,24.51246049292055
kaydasheva_s000725,0.0,10.2038125,corpus,-45.15125612745098,-49.6767904131036,3.275218728466519,19.252770268527016
kaydasheva_s001493,0.0,16.5678125,corpus,-44.6351604933615,-46.32345296822342,3.2603477209801794,20.852585346067062
kaydasheva_s001607,0.0,8.4998125,corpus,-44.44855238970588,-48.757929071203456,3.2603286486155167,20.386700576007204
kaydasheva_s000112,0.0,10.8448125,corpus,-45.80934328874539,-48.74038003196179,3.260319112433186,13.258278121893293
kaydasheva_s000280,0.0,6.2498125,corpus,-46.555409375,-51.741674211290146,3.260319112433186,19.62590426345287
kaydasheva_s001603,0.0,9.8698125,corpus,-43.859477900202634,-46.402354368796715,3.260319112433186,15.90452621025108
kaydasheva_s002265,0.0,12.5908125,corpus,-42.605369464853055,-45.660684853269345,3.2603167283876027,16.33931064529297
kaydasheva_s000108,0.0,15.8698125,corpus,-44.17969734562067,-45.19813073199728,3.2603167283876027,18.749397376319017
kaydasheva_s001536,0.0,11.37175,corpus,-42.25042257585752,-45.2741928929868,3.2603095762508545,18.502782002198952
kaydasheva_s001919,0.0,13.4518125,corpus,-43.71410896840149,-45.18039588270516,3.2603095762508545,13.222131412672798
kaydasheva_s000707,0.0,13.5698125,corpus,-43.71732509672071,-44.452349641588,3.2603095762508545,20.154538908016058
kaydasheva_s001693,0.0,15.8478125,corpus,-42.50583103312303,-44.26778124146542,3.2603095762508545,17.80358730686097
kaydasheva_s002029,0.0,5.77375,corpus,-40.76173905979203,-45.83014315650577,3.2603095762508545,16.977757646782802
kaydasheva_s000120,0.0,15.2898125,corpus,-44.41582018476128,-47.80686731009648,3.2603095762508545,22.98055302405221
kaydasheva_s001573,0.0,10.0088125,corpus,-45.861197396353646,-51.00712328072054,3.2603095762508545,19.964246123968096
kaydasheva_s001539,0.0,11.5078125,corpus,-42.81945047784535,-44.43468486951745,3.257078952661754,22.48518364053117
kaydasheva_s000256,0.0,10.5598125,corpus,-43.897623697916664,-46.7568462703539,3.2570703441762223,19.65933727915308
kaydasheva_s001778,0.0,6.5128125,corpus,-40.049803187403995,-44.1826363098927,3.2570681920548394,19.362956767244555
kaydasheva_s000069,0.0,4.7428125,corpus,-37.65532288370253,-43.02628567105248,3.2570660399334566,19.307107467197255
kaydasheva_s002306,0.0,12.8028125,corpus,-43.900360107421875,-45.838812492989206,3.2570660399334566,22.28579504959013
kaydasheva_s001001,0.0,13.1328125,corpus,-43.86181752189642,-46.3258453007162,3.257061735690691,19.83613997822504
kaydasheva_s001994,0.0,16.6398125,corpus,-43.49823937049279,-44.672239194597516,3.257061735690691,16.960457689557757
kaydasheva_s001360,0.0,11.43275,corpus,-41.92613667432196,-43.753483560350205,3.23770871367312,16.5615997569465
kaydasheva_s001518,0.0,13.91875,corpus,-46.98138076957615,-48.623301890358995,3.228449540782822,19.086198257876163
kaydasheva_s000468,0.0,12.3898125,corpus,-47.42712116626311,-50.332544008890785,3.228449540782822,4.792137286226211
kaydasheva_s001466,0.0,11.7078125,corpus,-44.70986670046968,-47.02301796211684,3.228444545295771,17.653627822695597
kaydasheva_s000497,0.0,6.2898125,corpus,-40.68823591514308,-42.29735649549044,3.228444545295771,23.684005333282357
kaydasheva_s001970,0.0,11.9698125,corpus,-41.72808649227235,-43.846630347402474,3.228444545295771,21.335375020064436
kaydasheva_s001346,0.0,14.0218125,corpus,-43.81428595310271,-44.98712059901311,3.228444545295771,21.4117779974768
kaydasheva_s000946,0.0,13.4398125,corpus,-44.103277297247026,-45.909825021906414,3.2284395498087197,17.63036197786201
kaydasheva_s000012,0.0,8.5898125,corpus,-44.544742251164145,-48.75715316136678,3.2284395498087197,19.422728209376075
kaydasheva_s001301,0.0,8.0648125,corpus,-43.62203396401985,-47.41530076781316,3.211886127901639,18.918239478590948
kaydasheva_s002201,0.0,9.4648125,corpus,-42.43318908562368,-46.14544506867727,3.211886127901639,21.52436821037
kaydasheva_s000070,0.0,14.3598125,corpus,-43.60497366817549,-45.248298301071415,3.211886127901639,20.7992135437506
kaydasheva_s001063,0.0,13.6548125,corpus,-46.22359775641026,-48.25882075627645,3.211886127901639,18.23100536105993
kaydasheva_s001086,0.0,6.4698125,corpus,-43.17279571580371,-48.45328084772284,3.211886127901639,19.091940546616613
kaydasheva_s001046,0.0,4.4418125,corpus,-41.505155546171174,-53.573275412282634,3.211886127901639,16.631477054661595
kaydasheva_s000249,0.0,9.2298125,corpus,-46.38989707475623,-50.18778870556805,3.211886127901639,7.668840632825631
kaydasheva_s000780,0.0,9.9598125,corpus,-43.43764511169679,-45.368539366611216,3.2118835702058997,16.835018074927596
kaydasheva_s001188,0.0,14.1798125,corpus,-42.65662740215092,-44.32914453468575,3.2118835702058997,22.046695196348836
kaydasheva_s000625,0.0,11.83575,corpus,-43.82424844277872,-44.54412456225323,3.2111912521170036,9.564554968156932
kaydasheva_s001036,0.0,7.7598125,corpus,-43.630793935244846,-48.85597072430511,3.2111912521170036,17.546467390035197
kaydasheva_s001089,0.0,9.3898125,corpus,-46.457988052449416,-49.98175731301308,3.2111912521170036,18.32966273831158
kaydasheva_s001479,0.0,11.5268125,corpus,-43.11804125108413,-43.89102075537857,3.2077913799775444,19.715159636683474
kaydasheva_s001387,0.0,9.2938125,corpus,-43.44444210844995,-46.49259755270822,3.207779492467487,20.060607430166392
kaydasheva_s000248,0.0,5.3798125,corpus,-38.78290906714684,-44.79452357084855,3.2032570310036736,18.35780507483938
kaydasheva_s002008,0.0,6.2268125,corpus,-39.04198121488764,-44.99032912047013,3.2032570310036736,15.831628237008484
kaydasheva_s002329,0.0,10.5638125,corpus,-43.21630119554924,-45.73012266932307,3.2032483471991524,17.79598904128751
kaydasheva_s000052,0.0,13.3598125,corpus,-45.24252958925898,-46.632597395517294,3.2009669911642638,21.60428211633024
kaydasheva_s000692,0.0,13.3198125,corpus,-45.64646384665916,-47.51959841683407,3.2009564022698167,15.97806916763172
kaydasheva_s000669,0.0,15.9598125,corpus,-46.498046875,-47.560063131393925,3.2009564022698167,16.938212684913637
kaydasheva_s001869,0.0,5.2208125,corpus,-45.498645534003835,-53.05456272248299,3.2009564022698167,19.29559628002144
kaydasheva_s001456,0.0,8.2448125,corpus,-42.78498084799757,-47.14267103133663,3.200951107822593,17.813104423231856
kaydasheva_s001873,0.0,5.6798125,corpus,-37.98275541923415,-41.603800993699295,3.200951107822593,20.701442663068107
kaydasheva_s001265,0.0,7.7948125,corpus,-41.48350750160462,-44.42438218400285,3.200951107822593,21.895755478763867
kaydasheva_s002011,0.0,3.8788125,corpus,-41.66420093025129,-50.830933657559484,3.200951107822593,18.574971241093202
kaydasheva_s001792,0.0,10.7748125,corpus,-42.78475002901578,-45.96280726680049,3.200945813375369,22.265087144503113
kaydasheva_s001670,0.0,12.7698125,corpus,-44.21567577819107,-45.26629642604553,3.200945813375369,11.71282530961636
kaydasheva_s000739,0.0,7.1298125,corpus,-39.72467785764376,-42.477407346452985,3.200945813375369,15.31135099116884
kaydasheva_s000226,0.0,8.1398125,corpus,-42.89061060350123,-47.115899085998535,3.200945813375369,6.356307114289802
kaydasheva_s000534,0.0,9.9368125,corpus,-42.93979502012073,-46.37463633219401,3.200945813375369,21.027668127628417
kaydasheva_s000148,0.0,7.8898125,corpus,-42.38350067332066,-47.636305850485094,3.200945813375369,21.437806214217225
kaydasheva_s000062,0.0,8.7828125,corpus,-45.937268650341686,-49.44909884324714,3.18651998430954,17.478134842133212
kaydasheva_s000378,0.0,8.8498125,corpus,-47.0354917019774,-50.787329528642736,3.186514016000633,5.098499782615372
kaydasheva_s001357,0.0,14.75875,corpus,-44.554724551151764,-45.70550560501387,3.186514016000633,15.088300219857256
kaydasheva_s002003,0.0,2.9878125,corpus,-32.73941458507525,-45.13461618838103,3.1865125239234064,26.41677678424912
kaydasheva_s001512,0.0,11.6898125,corpus,-45.55756789991446,-48.71699750312021,3.1865080476917265,17.187219931155163
kaydasheva_s001961,0.0,12.7298125,corpus,-45.924271528868815,-49.05526207339379,3.1865080476917265,19.161302933926834
kaydasheva_s001430,0.0,13.07375,corpus,-47.859395921002296,-49.56138049231635,3.1865080476917265,11.613675381050236
kaydasheva_s001992,0.0,14.5898125,corpus,-46.05361120630569,-47.6387143306595,3.1865080476917265,20.27799473916659
kaydasheva_s000853,0.0,13.7958125,corpus,-45.22949501811594,-47.40235871415797,3.1789946287711177,16.474370737740028
kaydasheva_s000797,0.0,13.9098125,corpus,-44.844131919482386,-46.50005711068352,3.1789946287711177,14.703156770171443
kaydasheva_s001224,0.0,11.3098125,corpus,-46.003612676834656,-45.89767614277926,3.178967826200171,19.882286831243487
kaydasheva_s000394,0.0,10.7798125,corpus,-44.533199501391465,-47.304903297014135,3.178967826200171,17.658674799031036
kaydasheva_s001638,0.0,3.9198125,corpus,-37.74800203284439,-46.344839859008786,3.178967826200171,20.345589300717034
kaydasheva_s001913,0.0,8.0288125,corpus,-44.02776210305106,-48.00584561637278,3.178967826200171,19.77742199678299
kaydasheva_s001275,0.0,10.75175,corpus,-45.62114462209302,-48.04129256886884,3.178967826200171,5.255073677600183
kaydasheva_s000877,0.0,12.3298125,corpus,-45.03233665348743,-47.22699109775814,3.178967826200171,15.955896708518637
kaydasheva_s001973,0.0,3.9298125,corpus,-37.292635774491096,-45.82229995727539,3.178967826200171,18.85051454346789
kaydasheva_s000463,0.0,12.0798125,corpus,-44.88067829056291,-47.168215118408206,3.178967826200171,17.96416806600734
kaydasheva_s000783,0.0,11.7098125,corpus,-42.88055748292058,-45.40590340109433,3.178967826200171,21.556924252879114
kaydasheva_s001617,0.0,10.1938125,corpus,-37.31154931305201,-41.20175254635694,3.1789611255574344,19.97384678042218
kaydasheva_s002287,0.0,6.5998125,corpus,-40.48851799242424,-42.58705151334722,3.1789611255574344,22.159292970754468
kaydasheva_s000965,0.0,10.8898125,corpus,-48.808895058539946,-51.84473267916975,3.1789544249146977,11.2456644105784
kaydasheva_s001421,0.0,9.1198125,corpus,-51.55880790844298,-54.77631223962662,3.1789544249146977,4.3376159475358875
kaydasheva_s000598,0.0,6.7898125,corpus,-42.90195830265096,-46.66213885220614,3.1789544249146977,16.79284096430499
kaydasheva_s002285,0.0,13.0898125,corpus,-43.91579330595875,-45.660617257947116,3.1789410236292244,20.986902834801853
kaydasheva_s000146,0.0,12.0298125,corpus,-42.502682096841234,-44.22080930586784,3.1789410236292244,17.053282192711592
kaydasheva_s001676,0.0,6.4198125,corpus,-41.71036555685358,-45.57193640942843,3.1677151285816594,15.860959347075973
kaydasheva_s000486,0.0,11.0898125,corpus,-46.35676496280433,-48.986972110106215,3.1677151285816594,20.17738834522317
kaydasheva_s001311,0.0,17.1238125,corpus,-45.23195184725467,-47.47128720050092,3.167711565949523,17.458885063123518
kaydasheva_s002273,0.0,7.5018125,corpus,-42.706966145833334,-46.06515085974405,3.167700878053113,14.296031228080002
kaydasheva_s001943,0.0,12.8298125,corpus,-43.803268706157446,-45.90710556096044,3.1595328271701555,20.494757757021006
kaydasheva_s000556,0.0,8.7998125,corpus,-45.24977361505682,-50.14720229264144,3.1595328271701555,11.29848928698329
kaydasheva_s000483,0.0,12.1598125,corpus,-42.03637374074835,-44.310791354313075,3.1595328271701555,19.48060240496119
kaydasheva_s001119,0.0,4.8698125,corpus,-42.08701232032854,-51.97498875397902,3.1595135377379022,23.65174166024049
kaydasheva_s001521,0.0,3.4338125,corpus,-37.753798059402335,-47.72141983929802,3.159503893021776,23.291670493034907
kaydasheva_s000238,0.0,5.7798125,corpus,-42.41677930363322,-48.08060461475003,3.1594942483056494,15.95696153100142
kaydasheva_s001681,0.0,5.7298125,corpus,-40.00893051919721,-43.76913155449761,3.1594942483056494,19.69548038305857
kaydasheva_s000082,0.0,12.3498125,corpus,-46.902777074898786,-49.68387460370436,3.1594942483056494,13.010852302042608
kaydasheva_s000899,0.0,6.2798125,corpus,-44.435509554140125,-50.57910638867003,3.1594942483056494,21.383943923937267
kaydasheva_s000921,0.0,10.6898125,corpus,-43.07671451122545,-45.68031303970902,3.1594942483056494,22.18697158306054
kaydasheva_s001283,0.0,5.0198125,corpus,-37.55566017181275,-44.47456266295235,3.1594942483056494,23.6814660444776
kaydasheva_s001006,0.0,10.1598125,corpus,-43.91441621555118,-47.14299125671387,3.1594942483056494,18.66626052114584
kaydasheva_s000402,0.0,7.1098125,corpus,-46.078204663326304,-52.788267812421246,3.1594942483056494,19.18444150882071
kaydasheva_s000599,0.0,10.5528125,corpus,-44.42276362559242,-47.026674040071256,3.138862981676501,17.85965364618879
kaydasheva_s000655,0.0,9.7698125,corpus,-44.54778259339816,-47.273125709371364,3.138862981676501,22.27058064967541
kaydasheva_s001055,0.0,6.6888125,corpus,-42.05758069413304,-48.801680636050094,3.1274144354338707,20.67298886034223
kaydasheva_s000604,0.0,15.7298125,corpus,-46.65021555149396,-48.5759094130825,3.1274096013868893,20.425139688892937
kaydasheva_s000412,0.0,14.1198125,corpus,-47.032965208923514,-48.989856078845115,3.1274096013868893,21.719921658763713
kaydasheva_s001498,0.0,10.7308125,corpus,-44.78674350535881,-44.90531034672514,3.1120909039440416,17.96699409915167
kaydasheva_s002092,0.0,13.5698125,corpus,-45.26850359248342,-47.78914800123735,3.1120787636279523,18.172839890607676
kaydasheva_s002254,0.0,7.31575,corpus,-42.50331124060792,-45.832584619522095,3.1105066225107856,14.32408167216019
kaydasheva_s001993,0.0,13.1298125,corpus,-44.59785855388424,-47.538988648038924,3.0991406067293457,18.060524646650347
kaydasheva_s000645,0.0,10.4698125,corpus,-45.121545188634194,-48.75161138855585,3.0917584030828,22.730471917319743
kaydasheva_s000608,0.0,10.2398125,corpus,-45.18549728393555,-47.34112259057852,3.0853996557040175,18.503600699495944
kaydasheva_s000900,0.0,14.5248125,corpus,-42.57554773588154,-44.46474674198177,3.0765331856078086,18.11669514871514
kaydasheva_s002157,0.0,10.7598125,corpus,-46.28657934479554,-49.484758933385216,3.0765331856078086,16.610553524627544
kaydasheva_s001114,0.0,9.9898125,corpus,-44.26959772272272,-47.54736074447632,3.0765331856078086,19.81539606777675
kaydasheva_s002223,0.0,7.87275,corpus,-41.514964858640404,-45.31833721214617,3.0765331856078086,18.39827832366599
kaydasheva_s001000,0.0,12.1028125,corpus,-46.19255875516529,-45.93880687851504,3.0765331856078086,20.310085313332053
kaydasheva_s001852,0.0,12.3698125,corpus,-44.0941194674616,-44.6786676304681,3.0765331856078086,16.6707688332641
kaydasheva_s001328,0.0,15.4268125,corpus,-45.81448983311731,-48.452111188103174,3.076524577122277,22.336788811718858
kaydasheva_s001836,0.0,10.8398125,corpus,-43.98803981203874,-46.24811965861219,3.076524577122277,19.40693928456188
kaydasheva_s001935,0.0,13.1198125,corpus,-45.885757074123475,-47.19053042376483,3.076524577122277,20.47907056671913
kaydasheva_s001543,0.0,5.1208125,corpus,-37.04313659667969,-42.994057306429234,3.0737366234383083,20.089484561791465
kaydasheva_s001160,0.0,4.8908125,corpus,-36.09790388548057,-42.300561941587006,3.0737366234383083,21.180988467753398
kaydasheva_s000855,0.0,8.7218125,corpus,-43.95706260751147,-46.408451947298914,3.0737366234383083,19.68904103266121
kaydasheva_s000178,0.0,7.33875,corpus,-42.137655398501366,-47.36244884889517,3.0737366234383083,18.891869598665537
kaydasheva_s001737,0.0,15.8838125,corpus,-44.387815845403026,-46.36292281405616,3.0737366234383083,11.476132865072058
kaydasheva_s002205,0.0,11.9188125,corpus,-44.404296875,-46.29579391800055,3.0737366234383083,17.27782051912385
kaydasheva_s001844,0.0,9.1958125,corpus,-44.34285411005435,-46.83715947469076,3.073671802243211,16.412437329197314
kaydasheva_s000460,0.0,6.1298125,corpus,-41.28141568107667,-45.700255341963334,3.073666996870882,8.237187142273369
kaydasheva_s001103,0.0,17.1198125,corpus,-45.86766665449766,-44.24007626140819,3.073666996870882,17.085165279586548
kaydasheva_s002312,0.0,11.1698125,corpus,-45.26176421217547,-47.19498027767147,3.073666996870882,14.974056559850691
kaydasheva_s001408,0.0,5.3648125,corpus,-37.0442331798041,-43.16447811591916,3.073666996870882,20.06912939926669
kaydasheva_s001596,0.0,9.9498125,corpus,-41.46634343592965,-44.13308789513328,3.0736657955277997,20.395666619402
kaydasheva_s001267,0.0,9.7038125,corpus,-42.80011275773196,-45.15817065466018,3.073664594184718,18.31033211431415
kaydasheva_s000346,0.0,12.6498125,corpus,-47.43121294466403,-52.413867469382495,3.073662191498553,10.619716487002547
kaydasheva_s000829,0.0,18.27575,corpus,-45.6562371786105,-46.42031616210937,3.073662191498553,16.287857942668158
kaydasheva_s001429,0.0,12.0198125,corpus,-42.13800891742928,-45.061977468687914,3.073662191498553,19.97289812772498
kaydasheva_s001495,0.0,12.5898125,corpus,-47.13442588363781,-48.61550525908775,3.058541030867348,20.163591889367314
kaydasheva_s002219,0.0,8.3598125,corpus,-43.03829620215311,-46.19260545571645,3.047609026477184,22.805796961164845
kaydasheva_s001176,0.0,13.0698125,corpus,-47.62098914498852,-50.77063272739279,3.039469199558587,21.94435262125232
kaydasheva_s001523,0.0,14.8618125,corpus,-43.97517191705922,-44.20938878446012,3.0394616439026283,18.922244450355908
kaydasheva_s000288,0.0,10.17075,corpus,-42.83115935349066,-44.8234121197852,3.0394616439026283,18.754059812642105
kaydasheva_s000858,0.0,7.83775,corpus,-44.398457429846935,-48.20714308086195,3.0394616439026283,15.112484283116016
kaydasheva_s001099,0.0,4.71475,corpus,-36.02143046709129,-40.951273984687276,3.0394616439026283,16.080824894663024
kaydasheva_s002256,0.0,9.8298125,corpus,-45.37740812563581,-48.13218949970446,3.039459754988638,22.51913846248852
kaydasheva_s000207,0.0,10.0848125,corpus,-45.064724392361114,-47.543934661350896,3.039454088246669,16.713659159988207
kaydasheva_s000709,0.0,13.7958125,corpus,-44.55953917572464,-46.66574625330647,3.039454088246669,18.305350828764876
kaydasheva_s001396,0.0,8.6298125,corpus,-44.06690414976825,-47.21806283644688,3.0368076117042464,15.317001583533923
kaydasheva_s000811,0.0,6.7398125,corpus,-42.009556982566764,-47.299518477241946,3.036806161852264,21.917785178533197
kaydasheva_s001033,0.0,10.7378125,corpus,-42.72458027816574,-45.263503447822906,3.036801812296316,18.08064835612314
kaydasheva_s001213,0.0,7.7198125,corpus,-48.03352695919689,-53.993489303588866,3.0318750105220245,21.540984235469352
kaydasheva_s001441,0.0,11.7928125,corpus,-42.51137749151824,-44.689123961885095,3.0318750105220245,15.68628911269232
kaydasheva_s000189,0.0,9.4018125,corpus,-43.7767578125,-46.84679164138495,3.031869917132681,18.972238460065384
kaydasheva_s000634,0.0,4.0598125,corpus,-37.16569090594212,-45.01464324527316,3.0211467954332196,18.15207641405101
kaydasheva_s001554,0.0,14.9808125,corpus,-42.72368887683578,-44.675784858497416,3.018928822881437,16.061151082098185
kaydasheva_s000040,0.0,12.3598125,corpus,-43.12536976638349,-44.82728098948068,3.018928822881437,18.23794949621009
kaydasheva_s000313,0.0,12.3398125,corpus,-45.440371125405186,-46.74851600072717,3.018928822881437,16.63649943049275
kaydasheva_s002012,0.0,10.7098125,corpus,-43.67794044701214,-45.99117957771598,3.018928822881437,21.663752012124352
kaydasheva_s001599,0.0,11.3798125,corpus,-44.16292289103691,-47.08913867878464,3.018918831907335,16.9878509246181
kaydasheva_s001664,0.0,7.7798125,corpus,-45.14248774903599,-48.56414234638214,3.018918831907335,16.63308608248006
kaydasheva_s002130,0.0,15.6098125,corpus,-44.0711983504164,-43.954566045907825,3.018918831907335,20.156188781389034
kaydasheva_s001769,0.0,5.8698125,corpus,-40.54586017355196,-44.813046727861675,3.018918831907335,9.570403447795512
kaydasheva_s001182,0.0,12.3498125,corpus,-45.520129048582994,-47.52199723802764,3.018918831907335,14.54025928654905
kaydasheva_s000095,0.0,15.2088125,corpus,-46.25546001808021,-47.44609674494317,3.0189088409332325,15.852466623212269
kaydasheva_s000732,0.0,11.17375,corpus,-44.61945011750224,-48.117053500392984,3.0116768856107865,22.0356355142066
kaydasheva_s000404,0.0,8.4478125,corpus,-42.29187777366864,-46.31110726333246,3.0116768856107865,18.836316777096993
kaydasheva_s000286,0.0,7.0698125,corpus,-40.01534045703678,-42.86634257801792,3.0116768856107865,19.210759392041584
kaydasheva_s001196,0.0,6.0498125,corpus,-42.37307592975207,-46.40021228790283,3.0116768856107865,20.293058976700483
kaydasheva_s001807,0.0,9.1298125,corpus,-40.54356345837897,-43.003392625362316,3.0116768856107865,23.044255970283984
kaydasheva_s000985,0.0,9.6998125,corpus,-45.98507973582474,-49.26344114246935,3.0116768856107865,20.587238161008973
kaydasheva_s002069,0.0,13.2598125,corpus,-45.150428921568626,-46.41405851472684,3.0116768856107865,15.102722311113608
kaydasheva_s001651,0.0,5.3648125,corpus,-41.275962715718286,-46.49691530068716,3.0116768856107865,13.573711348213376
kaydasheva_s000198,0.0,14.5498125,corpus,-44.424014712199316,-45.627508121378284,3.0116768856107865,19.91554130557288
kaydasheva_s001263,0.0,6.1468125,corpus,-38.71434197154471,-43.949978562652085,3.0116768856107865,16.278184300044366
kaydasheva_s002004,0.0,14.5598125,corpus,-45.7829831301511,-47.17463689068563,2.9973363785189786,19.004949500368852
kaydasheva_s001470,0.0,12.3108125,corpus,-44.62175695572705,-47.7870604639468,2.9973363785189786,17.61633989349035
kaydasheva_s001074,0.0,10.8098125,corpus,-45.63201390494912,-49.22897082283383,2.9973363785189786,8.639234747080131
kaydasheva_s001256,0.0,12.1838125,corpus,-44.45314424261084,-45.703592351965,2.9973363785189786,19.627190894376035
kaydasheva_s001636,0.0,14.7098125,corpus,-43.33790788579198,-45.23235195333307,2.9973363785189786,15.187568662902988
kaydasheva_s000891,0.0,15.8698125,corpus,-43.85153788594833,-44.878149610170176,2.9973312631275,16.197890654685633
kaydasheva_s000472,0.0,4.8838125,corpus,-38.72803935066598,-45.61048681471083,2.9973312631275,21.136772515588348
kaydasheva_s001215,0.0,5.9998125,corpus,-44.66355143229167,-50.02069447087307,2.9973312631275,20.753601558319335
kaydasheva_s001784,0.0,11.5078125,corpus,-45.212315377932235,-48.84613903089502,2.9973312631275,18.29752792564549
kaydasheva_s000381,0.0,8.0898125,corpus,-42.389142652966626,-46.38987749472432,2.9973312631275,16.239354555242123
kaydasheva_s001386,0.0,10.4098125,corpus,-41.09175747478386,-42.84348714804347,2.9973312631275,22.51574097660424
kaydasheva_s001984,0.0,10.0088125,corpus,-44.37533950424575,-45.21542179437331,2.9973312631275,14.900942649655057
kaydasheva_s001340,0.0,4.3498125,corpus,-41.25891702586207,-51.593009821573894,2.997329984279631,21.752350844845886
kaydasheva_s001558,0.0,15.1598125,corpus,-44.8060016078496,-46.704457718985424,2.997328705431761,16.994519325667504
kaydasheva_s001796,0.0,12.1498125,corpus,-45.1390753600823,-47.2378047158785,2.997326147736022,17.305235350736126
kaydasheva_s000320,0.0,10.77475,corpus,-42.82985869312906,-45.23751470358065,2.97657881392034,16.971753762498743
kaydasheva_s002056,0.0,11.9998125,corpus,-41.6783984375,-43.039874084724865,2.9765622708184876,19.73624405635664
kaydasheva_s000671,0.0,12.2018125,corpus,-46.36106237192623,-49.34514022642566,2.9765622708184876,18.29932934264264
kaydasheva_s002094,0.0,10.9898125,corpus,-43.4592420666515,-45.287342457544234,2.9765622708184876,21.13696259139803
kaydasheva_s000307,0.0,9.0408125,corpus,-40.97541309457964,-43.23819382985433,2.9765622708184876,5.701678196416715
kaydasheva_s002087,0.0,7.9598125,corpus,-40.408421502041456,-43.63516566332649,2.9765622708184876,19.958727070372962
kaydasheva_s001253,0.0,5.63075,corpus,-40.894833065053284,-46.22955641635629,2.9765622708184876,20.214214180769957
kaydasheva_s001505,0.0,14.2198125,corpus,-43.04338354869901,-44.378171763025726,2.9765581350430246,6.845759304469322
kaydasheva_s000949,0.0,6.7408125,corpus,-51.524335821587535,-59.81657913082936,2.9765581350430246,9.052993702586015
kaydasheva_s000349,0.0,14.6678125,corpus,-47.06743140763463,-46.71609918998949,2.9765539992675616,15.392958302853176
kaydasheva_s001797,0.0,6.73575,corpus,-42.30006259272997,-47.08446619245741,2.976545727716635,21.120479947898694
kaydasheva_s000092,0.0,14.05875,corpus,-44.309063277916074,-45.64385531498836,2.976545727716635,19.750891259543067
kaydasheva_s002138,0.0,12.3468125,corpus,-44.665606022267205,-46.63062991570989,2.976545727716635,18.049349957985093
kaydasheva_s002236,0.0,10.89775,corpus,-38.960962586009174,-41.26808218002319,2.976545727716635,20.44763289319743
kaydasheva_s002203,0.0,8.1298125,corpus,-41.19154558733087,-44.83210775296982,2.9764771717621743,25.38913287319248
kaydasheva_s002146,0.0,13.8298125,corpus,-45.69641404555315,-46.94438625306122,2.976474693637406,19.753046397918638
kaydasheva_s001308,0.0,4.1298125,corpus,-41.340813218825666,-50.112169684433354,2.976469737387869,22.296794751341054
kaydasheva_s000616,0.0,13.9878125,corpus,-44.15659902162259,-45.40471137516082,2.976459824888795,18.654071089794783
kaydasheva_s001876,0.0,14.5278125,corpus,-45.81216126118376,-47.302935440174856,2.976459824888795,20.978541915125575
kaydasheva_s002246,0.0,13.1198125,corpus,-45.353566239519814,-46.781496118616175,2.968906077835604,20.998169007116793
kaydasheva_s000087,0.0,9.1098125,corpus,-44.48274132135016,-47.91079369074182,2.9688971166541847,15.415150312694788
kaydasheva_s000540,0.0,7.3988125,corpus,-43.23791437922297,-47.2730469592782,2.9688971166541847,15.712271816055432
kaydasheva_s001775,0.0,15.11775,corpus,-47.365606398809526,-48.54059020332668,2.9688971166541847,16.70501430680399
kaydasheva_s001979,0.0,4.0648125,corpus,-37.573153190424875,-45.543561398983,2.9643686787839987,17.310527367422388
kaydasheva_s001648,0.0,7.9998125,corpus,-47.47228515625,-50.42659078325544,2.9643686787839987,15.64614241170106
kaydasheva_s001811,0.0,9.8598125,corpus,-44.833049410496955,-44.69285455468583,2.958486519057572,20.09068021376916
kaydasheva_s001398,0.0,4.2698125,corpus,-37.98819205576698,-45.57181285290008,2.9552233745612244,23.28363379592053
kaydasheva_s002032,0.0,12.9838125,corpus,-45.86743728332049,-47.903480743539745,2.9552233745612244,15.232602685640313
kaydasheva_s001682,0.0,7.0698125,corpus,-42.86040819483734,-49.49907289851796,2.9552185405142435,12.357184903690762
kaydasheva_s001454,0.0,3.3898125,corpus,-39.47489744653392,-51.314649274272305,2.955213706467262,6.871597477758389
kaydasheva_s002309,0.0,7.0358125,corpus,-45.65961248224432,-51.603661824421714,2.955213706467262,15.76681950360544
kaydasheva_s000920,0.0,5.3048125,corpus,-41.271790241745286,-50.33810304558796,2.955213706467262,16.553077240241894
kaydasheva_s000677,0.0,6.4838125,corpus,-41.99848693094136,-46.53030627114432,2.955213706467262,19.75145439728601
kaydasheva_s001422,0.0,7.47775,corpus,-41.76259608957219,-46.79877442752614,2.9498421816774023,24.90731823634741
kaydasheva_s001502,0.0,5.4098125,corpus,-40.8508801698244,-45.69660996227729,2.9498421816774023,11.839798627075556
kaydasheva_s001668,0.0,3.2288125,corpus,-35.46991099071207,-46.31295294988723,2.949831994898715,19.233844058657827
kaydasheva_s000430,0.0,8.0888125,corpus,-45.690696461681085,-48.50031428866916,2.9422894121279035,18.378947240239278
kaydasheva_s002266,0.0,10.7498125,corpus,-44.476010174418604,-46.732755130099264,2.9422894121279035,11.61284598592127
kaydasheva_s000745,0.0,6.2098125,corpus,-42.56633705716586,-50.688067663283576,2.9422876512479887,24.11163017198446
kaydasheva_s001746,0.0,12.6998125,corpus,-45.054481422244095,-47.451151651280526,2.9393661451099478,19.986856329306423
kaydasheva_s002150,0.0,12.6098125,corpus,-43.78111369944489,-46.01512129693969,2.9393661451099478,19.1854522960976
kaydasheva_s000244,0.0,15.0918125,corpus,-42.82068267478463,-45.435718782905006,2.9393661451099478,19.61502922358455
kaydasheva_s001172,0.0,11.4298125,corpus,-43.538573791557305,-41.68462897038114,2.939355959832985,16.82028693990631
kaydasheva_s001753,0.0,10.8448125,corpus,-44.23199665590406,-49.06750656931024,2.939355959832985,21.20892742626388
kaydasheva_s000930,0.0,12.23575,corpus,-42.24908088235294,-43.87030762382176,2.9393534135137442,17.98848945135626
kaydasheva_s001013,0.0,4.3008125,corpus,-39.16840025436046,-47.49932098388672,2.939350867194504,17.704854411045027
kaydasheva_s001047,0.0,12.1198125,corpus,-44.049221328382835,-45.3027093795038,2.9393457745560223,9.268024215502347
kaydasheva_s000434,0.0,12.1598125,corpus,-46.43715948807566,-49.71528225560342,2.9393457745560223,18.359217528351564
kaydasheva_s000918,0.0,10.4898125,corpus,-42.54472637631077,-45.485538658054395,2.939325404002097,20.206865677337515
kaydasheva_s001366,0.0,12.9298125,corpus,-46.551947384957465,-48.7227196038938,2.9361971721400044,19.663017866602587
kaydasheva_s001633,0.0,13.2498125,corpus,-43.11696344339622,-44.61482356389364,2.9361971721400044,21.485068594572983
kaydasheva_s000231,0.0,13.9478125,corpus,-44.086567540322584,-45.86930419177544,2.9361971721400044,18.550204842839527
kaydasheva_s001548,0.0,11.5798125,corpus,-43.59222865392919,-44.04534875429594,2.936185235522191,17.275790753848174
kaydasheva_s001610,0.0,12.87875,corpus,-47.69271035520186,-48.54844988608847,2.936185235522191,19.682574805545368
kaydasheva_s000247,0.0,10.2898125,corpus,-47.61348244655005,-50.57435737861382,2.936185235522191,22.46117621359549
kaydasheva_s001604,0.0,7.7698125,corpus,-42.95779540701416,-47.69813094820295,2.936185235522191,18.357935880398166
kaydasheva_s000123,0.0,13.8598125,corpus,-43.45457927489178,-45.592915248203944,2.936185235522191,20.777133318491963
kaydasheva_s001616,0.0,17.3498125,corpus,-44.46027557636888,-45.75430179595947,2.936185235522191,21.142979578237835
kaydasheva_s000223,0.0,10.5608125,corpus,-45.42327325994318,-48.10037412034704,2.9361837434449645,17.302975527391773
kaydasheva_s000060,0.0,13.2198125,corpus,-44.287186199886534,-45.727652341127396,2.936179267213284,18.32106876601216
kaydasheva_s001691,0.0,9.4198125,corpus,-42.67919818205945,-45.921707518557284,2.936179267213284,20.909345664200586
kaydasheva_s000432,0.0,14.5598125,corpus,-43.934554215315934,-45.22847649053479,2.9361732989043774,20.814946570676717
kaydasheva_s001809,0.0,12.4628125,corpus,-44.70341969301766,-47.070108363058715,2.908440323819799,19.821998701683512
kaydasheva_s002194,0.0,8.1298125,corpus,-43.55491332257073,-46.6980393634123,2.9084306791036725,24.343676530038728
kaydasheva_s000952,0.0,3.97175,corpus,-39.28292024165617,-44.45162282671247,2.9084306791036725,12.974892356245444
kaydasheva_s001151,0.0,7.8458125,corpus,-45.18258359872611,-47.54090894971575,2.908425856745609,17.232850580294222
kaydasheva_s001918,0.0,5.87275,corpus,-39.34661147785349,-43.86311904907227,2.908421034387546,18.266315933954875
kaydasheva_s001326,0.0,11.2898125,corpus,-42.738405807130206,-45.46169900422049,2.908421034387546,17.412914017401732
kaydasheva_s000768,0.0,14.0698125,corpus,-46.29517312988628,-48.014041670437514,2.908421034387546,17.872576226505167
kaydasheva_s000357,0.0,9.0508125,corpus,-45.309124654696134,-47.88490807255612,2.9000527831883605,15.859830171697395
kaydasheva_s001379,0.0,5.2808125,corpus,-37.20415704900568,-42.55551838344998,2.896004635524927,21.044125598086197
kaydasheva_s000025,0.0,15.6938125,corpus,-42.510102971637984,-44.18999947865804,2.896004635524927,20.783266417290537
kaydasheva_s000742,0.0,6.83675,corpus,-38.68225454586988,-44.159264280084976,2.896002483403544,19.351134214980952
kaydasheva_s000774,0.0,3.8078125,corpus,-34.84637979822835,-44.288593096610825,2.896000331282161,17.700656027455132
kaydasheva_s000047,0.0,3.4998125,corpus,-37.60709263392857,-47.05218315124512,2.896000331282161,20.662212470838593
kaydasheva_s001776,0.0,9.2138125,corpus,-41.14314434039088,-44.95592017795729,2.896000331282161,20.721463868288165
kaydasheva_s000021,0.0,14.4798125,corpus,-48.60047803004144,-47.88284883045015,2.896000331282161,19.819886179070856
kaydasheva_s000845,0.0,8.9998125,corpus,-46.509053819444446,-49.8137896437394,2.896000331282161,20.917908460476486
kaydasheva_s001105,0.0,5.3098125,corpus,-37.56038871233522,-43.388358888171965,2.896000331282161,25.13344737260174
kaydasheva_s000869,0.0,15.7048125,corpus,-44.49466062898089,-44.22955517058677,2.895996027039395,18.224275297569278
kaydasheva_s001555,0.0,11.0478125,corpus,-42.69810520361991,-44.2012574834731,2.895996027039395,19.79140463557296
kaydasheva_s000880,0.0,14.4198125,corpus,-45.4742707610957,-46.623840446146126,2.8959874185538634,19.492452552306098
kaydasheva_s001924,0.0,11.1298125,corpus,-44.583378958894876,-47.12966061401367,2.8936901039242247,15.02528555609984
kaydasheva_s000566,0.0,12.9798125,corpus,-44.41608484206471,-46.44789178030832,2.8936901039242247,22.20476859695869
kaydasheva_s002184,0.0,7.1098125,corpus,-42.4072691411744,-46.91636097620404,2.8936901039242247,20.099707874664112
kaydasheva_s001367,0.0,5.29375,corpus,-40.63209992320416,-45.715602450900604,2.893688811626646,20.30973752773704
kaydasheva_s002153,0.0,6.03075,corpus,-41.043853000621894,-46.20815364837647,2.893687519329067,19.276748840364412
kaydasheva_s001100,0.0,10.8098125,corpus,-44.93763731498613,-50.37491644079035,2.882538044398104,16.84786744788792
kaydasheva_s001777,0.0,10.47475,corpus,-47.70155802292263,-51.61454956872122,2.882538044398104,20.19257068530738
kaydasheva_s001522,0.0,9.4298125,corpus,-43.38227813494168,-46.74671531677246,2.882538044398104,22.448611843703063
kaydasheva_s001762,0.0,7.4898125,corpus,-41.91860501502003,-44.70855291684469,2.8825251881362655,18.204810874538403
kaydasheva_s001712,0.0,4.5398125,corpus,-34.22190769548458,-41.82644362449646,2.882522616883898,23.845473256183407
kaydasheva_s001420,0.0,7.1468125,corpus,-42.07086975524476,-46.5667716930439,2.882522616883898,15.425904771528899
kaydasheva_s001113,0.0,8.1778125,corpus,-43.31721328698044,-47.616941224283245,2.8825174743791626,17.879270724974948
kaydasheva_s001241,0.0,5.9298125,corpus,-42.35400308284149,-47.68007542794211,2.8825174743791626,11.349369038924607
kaydasheva_s001266,0.0,11.9798125,corpus,-44.70409341089316,-45.37161268234253,2.8825174743791626,20.10566045132951
kaydasheva_s001860,0.0,8.4598125,corpus,-43.22142804373522,-47.87056881043969,2.8825174743791626,18.953944861359464
kaydasheva_s000524,0.0,6.8698125,corpus,-42.11551867267104,-45.43939290727888,2.8825174743791626,20.69808442956248
kaydasheva_s000754,0.0,6.2898125,corpus,-40.13137793124007,-44.07644953046526,2.877052640354254,21.964817343633612
kaydasheva_s002063,0.0,7.4198125,corpus,-42.05057593497305,-45.97428388306589,2.877052640354254,19.77251921957963
kaydasheva_s002122,0.0,12.1598125,corpus,-42.90317575555099,-43.973211614935245,2.8770427055849077,15.684859921104753
kaydasheva_s001861,0.0,10.5278125,corpus,-43.67959475902184,-47.10510419595121,2.872124876019903,20.07095908956787
kaydasheva_s000208,0.0,10.1698125,corpus,-43.241937838003935,-45.446863265264604,2.872124876019903,21.42511236920644
kaydasheva_s000889,0.0,15.4888125,corpus,-49.92261640574564,-50.748657353719075,2.8721152652752453,9.280585765737799
kaydasheva_s000755,0.0,13.2998125,corpus,-44.37213052161654,-46.42872905731201,2.8721152652752453,19.705061885162507
kaydasheva_s002207,0.0,7.5548125,corpus,-40.519875310430464,-44.35271483201247,2.8721152652752453,20.040976725498822
kaydasheva_s000105,0.0,8.7598125,corpus,-43.801106770833336,-47.041789300662955,2.8721152652752453,22.66171196479221
kaydasheva_s000372,0.0,16.71275,corpus,-43.35628459754638,-45.09837199244006,2.8721152652752453,19.349532587989252
kaydasheva_s002129,0.0,10.8668125,corpus,-43.007014719411224,-45.047351049720696,2.8721152652752453,19.23291448654279
kaydasheva_s000205,0.0,16.5638125,corpus,-40.65663213315217,-42.21181031277305,2.8721152652752453,19.240915336167504
kaydasheva_s000395,0.0,9.65175,corpus,-43.82613341968912,-46.33790459352381,2.8721152652752453,23.550674017624374
kaydasheva_s001531,0.0,3.2858125,corpus,-36.29520682940729,-44.920650482177734,2.872114063932163,19.683803239926768
kaydasheva_s001849,0.0,7.8998125,corpus,-43.80298160601266,-47.47326038253139,2.872112862589081,22.69243992810082
kaydasheva_s000609,0.0,5.4858125,corpus,-37.50124871926229,-43.7093906879425,2.872112862589081,20.420327285869092
kaydasheva_s002257,0.0,5.3198125,corpus,-39.209681919642854,-46.6168622141299,2.8721104599029164,21.73980779695904
kaydasheva_s000038,0.0,9.65075,corpus,-42.932942033678756,-45.71840454981877,2.8721056545305874,17.84098699367032
kaydasheva_s001031,0.0,9.8898125,corpus,-45.22229682760364,-48.48739874483359,2.8698220527738836,16.642229565935068
kaydasheva_s002316,0.0,8.3498125,corpus,-42.93637256736527,-46.60565642749562,2.868867294424961,18.804612402250562
kaydasheva_s001040,0.0,16.69675,corpus,-44.43842627245509,-45.83144904873895,2.868860169160688,14.180461854189812
kaydasheva_s001960,0.0,6.15575,corpus,-44.35468559760552,-51.43586287206533,2.865305820911273,19.299827959247427
kaydasheva_s001232,0.0,9.69475,corpus,-46.2406314499484,-48.104849767203284,2.865305820911273,16.513621284325488
kaydasheva_s000104,0.0,8.0408125,corpus,-42.02220829446517,-46.37725326538086,2.865305820911273,20.502643625015143
kaydasheva_s001255,0.0,8.1328125,corpus,-41.03920664206642,-42.767925336763454,2.865305820911273,17.36806367764308
kaydasheva_s002042,0.0,10.8048125,corpus,-44.09896918402778,-45.597230581589685,2.8653025598526844,10.353980407023545
kaydasheva_s001909,0.0,14.8218125,corpus,-43.889517965587046,-45.612015881984355,2.8652992987940955,14.875791742279034
kaydasheva_s001879,0.0,7.83575,corpus,-43.589086415816325,-48.388828109292426,2.8603430169161146,18.866141416761668
kaydasheva_s002259,0.0,8.1998125,corpus,-41.23194550304878,-44.898062114474136,2.8603430169161146,18.348217515323867
kaydasheva_s001929,0.0,8.5028125,corpus,-43.961323529411764,-47.11688622184422,2.8603430169161146,19.613080917753585
kaydasheva_s002275,0.0,10.8998125,corpus,-44.13768276949541,-45.396610371117454,2.860340632870532,14.846737635570575
kaydasheva_s002062,0.0,5.1098125,corpus,-39.69358106042074,-46.43840633739125,2.860338248824949,20.10662994353905
kaydasheva_s000568,0.0,7.7798125,corpus,-43.593870501285345,-48.839099663954514,2.860338248824949,20.91583717745556
kaydasheva_s001407,0.0,9.2698125,corpus,-44.87868291531823,-48.17961776390504,2.860338248824949,16.13011551232432
kaydasheva_s001218,0.0,4.85675,corpus,-39.61492894804527,-46.343302965164185,2.860338248824949,18.561402748824122
kaydasheva_s001319,0.0,5.35775,corpus,-40.11428331972948,-44.53557618459066,2.8603334807337837,20.405514408378775
kaydasheva_s002034,0.0,6.6498125,corpus,-43.05714285714286,-48.34290192343972,2.8603334807337837,16.066142678770355
kaydasheva_s000762,0.0,12.9018125,corpus,-43.37774043120155,-45.961554684976896,2.8603334807337837,21.231395691867597
kaydasheva_s001288,0.0,12.7598125,corpus,-44.650396747648905,-45.18580104282924,2.8603239445514523,18.43882276817068
kaydasheva_s000678,0.0,9.8498125,corpus,-45.12200586928934,-47.7670586978688,2.8603239445514523,16.600445514622393
kaydasheva_s000973,0.0,12.1088125,corpus,-44.71198905862923,-47.17565350165734,2.8603239445514523,15.253233478480558
kaydasheva_s001745,0.0,12.6998125,corpus,-43.7129029281496,-45.808007527173054,2.8603239445514523,14.495719642559113
kaydasheva_s002204,0.0,5.7858125,corpus,-39.80100051273748,-44.51178297885629,2.857478124760423,20.238583140393388
kaydasheva_s001552,0.0,6.9758125,corpus,-42.464119023101716,-46.22404809982058,2.839032217960505,20.474819161006955
kaydasheva_s001736,0.0,3.8498125,corpus,-41.36704038149351,-51.50543068195211,2.839032217960505,20.421618685049825
kaydasheva_s000161,0.0,8.1458125,corpus,-42.09963573619632,-45.86779049464634,2.8390311324849398,16.48620145221294
kaydasheva_s000302,0.0,13.8498125,corpus,-45.146206565884476,-46.16101885217381,2.8381862677307867,19.047872161562587
kaydasheva_s001833,0.0,7.8698125,corpus,-44.733903470457435,-50.892618015834266,2.8381792476090797,21.46220762393772
kaydasheva_s002064,0.0,11.8098125,corpus,-40.37912785774767,-42.61757091144184,2.8381750355360555,18.450035214538875
kaydasheva_s000529,0.0,7.9398125,corpus,-41.9900917034005,-47.507636424473354,2.8381750355360555,19.506844712170967
kaydasheva_s001752,0.0,11.3398125,corpus,-46.63529265873016,-51.157100034563726,2.8381750355360555,17.465717907386935
kaydasheva_s000674,0.0,12.1748125,corpus,-41.10927870788825,-42.39721775805857,2.8381750355360555,17.63101389919477
kaydasheva_s001347,0.0,12.4608125,corpus,-44.94011461677368,-47.200735220388204,2.823127804664648,17.618483171070977
kaydasheva_s001854,0.0,9.5678125,corpus,-41.14692724660397,-43.16716525771401,2.8121672759022824,18.294347457927422
kaydasheva_s002180,0.0,12.5098125,corpus,-45.26822604416467,-47.56254787071079,2.8121672759022824,22.326468184622797
kaydasheva_s001649,0.0,4.5248125,corpus,-38.39088426438053,-46.32819317548703,2.812162519104569,18.405691056609868
kaydasheva_s000027,0.0,4.9998125,corpus,-43.54117578125,-51.60857237839117,2.812162519104569,24.405594778209288
kaydasheva_s000610,0.0,5.2998125,corpus,-38.286519752358494,-45.344289700190224,2.812162519104569,26.287702465296597
kaydasheva_s000167,0.0,3.4398125,corpus,-39.353779637536334,-52.590412016837824,2.812162519104569,25.117618857756632
kaydasheva_s000360,0.0,6.9498125,corpus,-43.08422043615108,-45.35381093392005,2.812157762306855,22.30088551292284
kaydasheva_s002282,0.0,8.0598125,corpus,-44.02615151985112,-49.132884904935764,2.812157762306855,20.05857629678315
kaydasheva_s000533,0.0,13.8018125,corpus,-43.86666666666667,-47.11571030867727,2.80939811400595,21.325238787353086
kaydasheva_s001545,0.0,15.83675,corpus,-43.83387586805556,-45.38525451024373,2.80939811400595,18.74160412109476
kaydasheva_s001304,0.0,9.61475,corpus,-47.194780014308016,-50.76976643930568,2.8093931185188983,10.233988281921805
kaydasheva_s001206,0.0,4.7798125,corpus,-40.45167037133891,-49.5345062342557,2.8093931185188983,22.510615390138483
kaydasheva_s000068,0.0,11.2298125,corpus,-41.574128311442564,-44.11812265342641,2.8093931185188983,20.781427655395476
kaydasheva_s002305,0.0,3.1778125,corpus,-32.470174921383645,-41.49287082837976,2.8093931185188983,22.819895296800244
kaydasheva_s000886,0.0,5.0698125,corpus,-43.8711862056213,-50.70054698634792,2.8093931185188983,25.606154400253992
kaydasheva_s000968,0.0,10.3098125,corpus,-43.20900900218235,-45.75313663482666,2.8093931185188983,21.60732401413243
kaydasheva_s000204,0.0,9.69475,corpus,-42.893172729618165,-45.67204796265219,2.8093931185188983,18.792680057026715
kaydasheva_s000776,0.0,6.25675,corpus,-40.89981342352237,-47.658184899224175,2.809391869647136,22.3916313269707
kaydasheva_s001657,0.0,5.4208125,corpus,-41.087414956180815,-47.5397325880984,2.809391869647136,17.78786107140459
kaydasheva_s000570,0.0,7.6868125,corpus,-43.78503433842653,-47.09541384379069,2.809388123031847,15.818671999115717
kaydasheva_s000924,0.0,11.2798125,corpus,-46.33582668439716,-48.98727242151896,2.809388123031847,21.20589783960687
kaydasheva_s001061,0.0,13.63275,corpus,-45.9573722945708,-47.996921328937304,2.809388123031847,19.16348744728367
kaydasheva_s002051,0.0,8.1298125,corpus,-45.839300814883146,-49.70240022944308,2.809388123031847,24.806921817606085
kaydasheva_s002001,0.0,12.0298125,corpus,-45.55767482335827,-46.50473683423335,2.8093840598377744,18.61771500133596
kaydasheva_s001293,0.0,12.6998125,corpus,-43.76615403543307,-46.34131090659795,2.8093840598377744,20.542600266278612
kaydasheva_s001019,0.0,11.0798125,corpus,-42.59868216944946,-45.26899064189256,2.809378132057745,18.638235886776492
kaydasheva_s000318,0.0,10.4908125,corpus,-43.231645465919925,-45.054085143069,2.8047745439413534,10.34215019038706
kaydasheva_s000514,0.0,5.95275,corpus,-42.49475446428571,-47.96653059757117,2.8047607442324427,18.11155514278004
kaydasheva_s001065,0.0,8.61875,corpus,-45.24763449825986,-49.90209747763241,2.7963951190180323,23.48508764545733
kaydasheva_s001235,0.0,7.8698125,corpus,-46.682908791296065,-49.76207934946254,2.7963951190180323,22.793608151576596
kaydasheva_s000956,0.0,10.2438125,corpus,-44.753143310546875,-46.20220756530762,2.7935630448794107,19.232990575574693
kaydasheva_s001770,0.0,8.57175,corpus,-41.21704528879813,-44.666783419522375,2.7935630448794107,19.14770736545259
kaydasheva_s000124,0.0,14.9748125,corpus,-48.33250876753507,-47.718082675933836,2.7935630448794107,4.658675874059352
kaydasheva_s001403,0.0,13.2498125,corpus,-43.34842570754717,-44.08143630981445,2.7935630448794107,21.422573056391705
kaydasheva_s001631,0.0,12.0008125,corpus,-42.76736653645833,-45.27588871778068,2.7935630448794107,15.96869112559429
kaydasheva_s000212,0.0,13.7068125,corpus,-44.323529244164845,-46.80570283337174,2.7935630448794107,17.805555326333288
kaydasheva_s000399,0.0,14.6898125,corpus,-44.5010769443499,-46.615986875585605,2.7827763983533615,18.91363946931783
kaydasheva_s000758,0.0,6.4238125,corpus,-43.847972644081,-49.24685076200045,2.7827763983533615,14.285252198760228
kaydasheva_s001583,0.0,3.7398125,corpus,-36.763173149231285,-45.425956853230794,2.7827763983533615,22.1391791108073
kaydasheva_s001527,0.0,9.2798125,corpus,-44.75616665544181,-46.76755377825569,2.7827763983533615,22.077655140961593
kaydasheva_s000461,0.0,14.8888125,corpus,-44.08129932001343,-46.53838756655858,2.7827763983533615,19.694229237371776
kaydasheva_s001352,0.0,4.9598125,corpus,-42.59780982232863,-49.40430494149526,2.7827763983533615,23.05163837589345
kaydasheva_s002081,0.0,12.9698125,corpus,-46.77729556187355,-49.98615568192279,2.7827763983533615,22.6257238454493
kaydasheva_s001540,0.0,11.3998125,corpus,-41.65400219298245,-43.84044495335332,2.7827763983533615,19.958575616921017
kaydasheva_s000594,0.0,9.0898125,corpus,-41.96793780940594,-45.44669844683479,2.7827763983533615,20.044359851301095
kaydasheva_s001211,0.0,11.5198125,corpus,-44.57203504774306,-46.98445522474206,2.7827763983533615,17.70853314648332
kaydasheva_s001899,0.0,7.9828125,corpus,-42.513544603696744,-46.55584763225756,2.7827763983533615,20.029359642417315
kaydasheva_s001658,0.0,16.1998125,corpus,-43.9966049382716,-45.4879661217714,2.7827763983533615,22.632062379819057
kaydasheva_s000664,0.0,10.2698125,corpus,-44.902347553554044,-47.15264120968905,2.7827738406576223,19.33934824480117
kaydasheva_s000504,0.0,9.4058125,corpus,-42.99107498671626,-44.40909578893092,2.7827661675704047,16.79431728893312
kaydasheva_s001148,0.0,5.3698125,corpus,-38.1488885009311,-44.455539404177195,2.756826402467744,17.673554919670387
kaydasheva_s000769,0.0,15.1198125,corpus,-44.833839699074076,-45.577598410592955,2.756826402467744,20.06402228757377
kaydasheva_s002284,0.0,3.5998125,corpus,-38.40284830729167,-48.13891841747142,2.756826402467744,18.763700016735456
kaydasheva_s000396,0.0,8.6698125,corpus,-42.52368980680507,-46.261101484298706,2.756826402467744,22.79151867964069
kaydasheva_s000177,0.0,14.9898125,corpus,-45.061551450967315,-46.51447220852501,2.756826402467744,17.63743327929152
kaydasheva_s000110,0.0,13.0998125,corpus,-44.17829794847328,-45.90845725519194,2.756826402467744,23.69260023216444
kaydasheva_s001622,0.0,14.7098125,corpus,-43.97503292828008,-44.891624141746846,2.756826402467744,20.130736899282176
kaydasheva_s000537,0.0,14.7008125,corpus,-43.75625,-45.05589102242739,2.756826402467744,16.350567351771545
kaydasheva_s001743,0.0,10.7548125,corpus,-41.465795784883724,-44.36766751607259,2.756826402467744,21.18157769102682
kaydasheva_s001606,0.0,12.3398125,corpus,-47.79400070907617,-51.04103403825026,2.75682110802052,13.719920548209858
kaydasheva_s000520,0.0,11.13275,corpus,-42.343307783018865,-45.461281262911285,2.75682110802052,20.428849263349715
kaydasheva_s002202,0.0,8.7348125,corpus,-44.37564880441008,-47.52789183065925,2.75682110802052,14.430080513259355
kaydasheva_s001392,0.0,2.4098125,corpus,-31.329644547458507,-46.8148934841156,2.75682110802052,23.971146998232335
kaydasheva_s000628,0.0,14.7098125,corpus,-43.883699439157034,-44.574022309392944,2.75682110802052,21.48872576263827
kaydasheva_s000074,0.0,14.2598125,corpus,-43.63439855802945,-44.297104740870815,2.75682110802052,18.004751008775703
kaydasheva_s000516,0.0,8.9298125,corpus,-40.47424849524076,-43.64924087524414,2.75682110802052,21.853405950733183
kaydasheva_s001593,0.0,5.6798125,corpus,-41.63235516615317,-48.30948593305505,2.75682110802052,22.603826556629887
kaydasheva_s000492,0.0,5.8898125,corpus,-40.00617771116299,-45.40093924074757,2.7568158135732963,21.599897678607945
kaydasheva_s001009,0.0,3.2288125,corpus,-34.81649392898607,-44.263608856201174,2.7568158135732963,9.751033758494373
kaydasheva_s000937,0.0,10.9908125,corpus,-43.94183988284804,-47.24202532238431,2.7568158135732963,20.149820164647153
kaydasheva_s000619,0.0,8.0408125,corpus,-42.119874261504975,-45.42815952301025,2.7568052246788493,19.807740653160476
kaydasheva_s002244,0.0,13.0398125,corpus,-43.13628438937884,-46.15492296606545,2.739360465052203,19.054112050697217
kaydasheva_s000654,0.0,8.1648125,corpus,-44.91372261795343,-49.03463811998243,2.7393318565052094,18.60680103211658
kaydasheva_s000170,0.0,11.6598125,corpus,-44.12560637328473,-48.80595461527506,2.7254765046382943,19.563236591592783
kaydasheva_s001034,0.0,13.5798125,corpus,-44.171567217415316,-48.14306321691294,2.7225547660224967,18.5730888128979
kaydasheva_s000337,0.0,8.0488125,corpus,-45.27249126552795,-49.60343695377958,2.7225547660224967,17.466956340336495
kaydasheva_s001812,0.0,17.4598125,corpus,-44.948905534077895,-48.07185668945313,2.7225547660224967,16.909321576681627
kaydasheva_s001508,0.0,14.8298125,corpus,-44.790563890761966,-45.93837919831276,2.7225547660224967,18.332890251850415
kaydasheva_s000521,0.0,5.5838125,corpus,-41.816766773073475,-48.31545762454762,2.7225547660224967,16.890807350775532
kaydasheva_s000199,0.0,13.5498125,corpus,-42.57243427121771,-45.69578717359856,2.7225547660224967,18.598165267901557
kaydasheva_s000375,0.0,13.9698125,corpus,-44.33863300823192,-45.603850666274376,2.7225547660224967,20.964756823798563
kaydasheva_s000917,0.0,7.2298125,corpus,-44.77244067686722,-48.64059151543511,2.7225472103665376,22.887186561118057
kaydasheva_s000712,0.0,12.9098125,corpus,-44.445521277110764,-46.688571193001486,2.7219297406055687,19.898984431300747
kaydasheva_s001826,0.0,3.5998125,corpus,-40.69584418402778,-52.10921186559341,2.7219055703706627,14.144440553829519
kaydasheva_s000169,0.0,4.4998125,corpus,-39.9498828125,-49.08864941316492,2.721900736323682,14.58699637228173
kaydasheva_s001822,0.0,8.8858125,corpus,-44.16138217097863,-46.420686859445475,2.7218910682297195,20.720911346259726
kaydasheva_s001690,0.0,12.1698125,corpus,-44.27945575698439,-44.923343920926435,2.7218910682297195,15.89290486221011
kaydasheva_s000117,0.0,7.59375,corpus,-43.66886940052701,-46.04950459798177,2.7154674769565132,17.723116438242812
kaydasheva_s000206,0.0,7.1648125,corpus,-46.69197909392458,-51.290359393033114,2.7154674769565132,22.19929281343248
kaydasheva_s001982,0.0,8.0018125,corpus,-42.851943359375,-46.82959924617284,2.7154674769565132,17.883911678756494
kaydasheva_s000355,0.0,15.4698125,corpus,-46.31087891887524,-46.430990029734076,2.7154674769565132,19.03375472638028
kaydasheva_s001303,0.0,14.0998125,corpus,-44.80503656914894,-45.107506439089775,2.7154674769565132,21.176307777742046
kaydasheva_s001279,0.0,6.7598125,corpus,-43.12781700721154,-48.48567957196917,2.7154674769565132,22.464725417073247
kaydasheva_s000439,0.0,6.0998125,corpus,-41.136276895491804,-42.402097405327694,2.7154674769565132,18.792109954554626
kaydasheva_s001724,0.0,13.81675,corpus,-44.70055852026049,-45.6089951750161,2.7154674769565132,19.728730881324818
kaydasheva_s002121,0.0,13.7598125,corpus,-50.54868050508721,-51.00006211390261,2.7154674769565132,6.852935734175164
kaydasheva_s001772,0.0,8.1398125,corpus,-42.05790271805897,-44.26356147897655,2.7154674769565132,14.64359454246136
kaydasheva_s002066,0.0,10.47375,corpus,-41.53348107688634,-44.43645813885857,2.7154674769565132,16.667783439829677
kaydasheva_s000872,0.0,11.9798125,corpus,-41.935302326794655,-44.167940123327845,2.7154631727137475,18.279156111889165
kaydasheva_s001847,0.0,5.9198125,corpus,-41.93391707136824,-47.12944971504858,2.7091816581375996,18.961543107446925
kaydasheva_s000860,0.0,11.6928125,corpus,-43.090492007057314,-45.60122085239576,2.685862423352656,20.138452288900666
kaydasheva_s000544,0.0,13.49275,corpus,-43.18881752687176,-45.70156035423279,2.685862423352656,16.37847391117019
kaydasheva_s001936,0.0,2.7498125,corpus,-33.652933238636365,-44.563701902117046,2.6858564550437487,23.903137583201108
kaydasheva_s000131,0.0,10.07175,corpus,-45.83108862959285,-50.334321399067726,2.6858564550437487,14.79366762297857
kaydasheva_s000449,0.0,9.1498125,corpus,-42.095474726775954,-44.16897160456731,2.6858534708892954,15.625673685886252
kaydasheva_s000283,0.0,14.0498125,corpus,-45.666353425266905,-46.84011294147161,2.6858534708892954,21.61099475220411
kaydasheva_s001257,0.0,13.4668125,corpus,-44.571147689309576,-46.45489179386812,2.6858534708892954,19.3051345967881
kaydasheva_s001467,0.0,13.7898125,corpus,-44.848919620195794,-44.61506108442942,2.685850486734842,14.710483407181652
kaydasheva_s002152,0.0,8.1698125,corpus,-45.29441745716034,-47.6701876408345,2.6768735853376646,10.71457593262156
kaydasheva_s000484,0.0,8.8998125,corpus,-42.071076193820225,-44.506180555924125,2.6768735853376646,21.01148636752182
kaydasheva_s001808,0.0,7.7198125,corpus,-41.67764329663213,-42.94667627936915,2.6705683390519375,21.166545171133208
kaydasheva_s000857,0.0,10.7398125,corpus,-43.50324429702049,-45.00746795568573,2.6705683390519375,19.256061154504447
kaydasheva_s001254,0.0,5.4868125,corpus,-37.02434468920765,-42.34592535140666,2.6705683390519375,18.173934104331888
kaydasheva_s000274,0.0,15.3988125,corpus,-43.595982142857146,-44.70483112335205,2.6705683390519375,18.814175109143072
kaydasheva_s000296,0.0,4.6598125,corpus,-41.3782272666309,-48.966873078119185,2.6705635336796085,18.841963912098436
kaydasheva_s000269,0.0,9.0198125,corpus,-42.357387229767184,-45.79802852787384,2.6705635336796085,19.18233653760192
kaydasheva_s002263,0.0,6.51275,corpus,-51.96138752880184,-59.85921221765979,2.6705635336796085,6.417728353932075
kaydasheva_s000607,0.0,3.4638125,corpus,-35.20300645773121,-46.57453880310059,2.6705635336796085,22.81665714393414
kaydasheva_s002189,0.0,4.9098125,corpus,-40.32501829811609,-48.32158417971629,2.6705635336796085,27.249073444928605
kaydasheva_s000699,0.0,3.91175,corpus,-39.003449188778774,-48.67912334865994,2.670562332336526,19.728432876191583
kaydasheva_s001620,0.0,7.9018125,corpus,-43.16233682753165,-45.48639678955078,2.670562332336526,13.310499942187006
kaydasheva_s000359,0.0,8.7398125,corpus,-44.0508438215103,-45.892489643420205,2.6705611309934443,16.12006560563016
kaydasheva_s001902,0.0,7.7188125,corpus,-41.02486945433938,-43.486338923959174,2.6705587283072796,18.89019185938885
kaydasheva_s002301,0.0,8.6848125,corpus,-42.201765913018434,-46.58088308222153,2.6690122510186045,19.30162907958798
kaydasheva_s001917,0.0,6.8438125,corpus,-43.9098478618421,-49.468972832815986,2.668994328655766,20.807051892517553
kaydasheva_s000548,0.0,6.7838125,corpus,-43.37226620114307,-48.23107930233604,2.668994328655766,20.487782700654307
kaydasheva_s001475,0.0,4.3078125,corpus,-40.61982489849188,-49.19788856506348,2.6689853674743462,15.165654815844368
kaydasheva_s002270,0.0,3.6798125,corpus,-37.39457636294158,-48.065115769704185,2.6689853674743462,21.494511660686
kaydasheva_s002025,0.0,3.3098125,corpus,-38.293473258119334,-47.76960792541504,2.6689853674743462,18.771484414407908
kaydasheva_s000363,0.0,3.5908125,corpus,-39.79874379787604,-52.69565889912267,2.6689853674743462,16.84393326879021
kaydasheva_s002230,0.0,7.7698125,corpus,-44.728508083976834,-50.811630206161674,2.6689853674743462,22.106183312479082
kaydasheva_s000705,0.0,4.5638125,corpus,-37.22111859237938,-44.23408245590498,2.6689764062929267,19.94568652136415
kaydasheva_s001011,0.0,12.59875,corpus,-45.55148499503968,-48.37300844661525,2.6689764062929267,19.64127723950294
kaydasheva_s001827,0.0,13.7898125,corpus,-44.56938905003626,-45.632766395807266,2.6689764062929267,17.238605190350853
kaydasheva_s000727,0.0,5.41775,corpus,-41.94559718058118,-47.857777665301064,2.6689764062929267,17.3641010054195
kaydasheva_s001401,0.0,9.1398125,corpus,-45.74928627598468,-49.58093906271046,2.6689764062929267,19.12607926273634
kaydasheva_s000239,0.0,9.77175,corpus,-44.23598627814739,-47.44932178740806,2.6689764062929267,16.37945924664024
kaydasheva_s001373,0.0,9.8658125,corpus,-45.98816647669706,-48.943238209203344,2.6689764062929267,18.169392827262556
kaydasheva_s002300,0.0,11.3848125,corpus,-47.71979692992091,-50.80401841231755,2.668710592389164,21.7560997675188
kaydasheva_s000998,0.0,6.4498125,corpus,-39.6757449127907,-44.55976945526746,2.6687056250044905,19.173247678271487
kaydasheva_s001261,0.0,8.1608125,corpus,-43.900869332107845,-47.811040030585396,2.6687056250044905,17.828355361453433
kaydasheva_s002105,0.0,6.1208125,corpus,-41.366348166870914,-46.36782724349225,2.6687056250044905,20.272239472067145
kaydasheva_s000716,0.0,3.5898125,corpus,-34.7183147632312,-43.51113963127136,2.6687056250044905,18.13049858660341
kaydasheva_s002167,0.0,5.0868125,corpus,-36.925470438359525,-42.376460266113284,2.6514001451614164,19.320160735173545
kaydasheva_s000873,0.0,14.6498125,corpus,-43.51456377986348,-45.251482035838016,2.6468701105826873,20.78697604691266
kaydasheva_s001457,0.0,9.1998125,corpus,-50.01733610733696,-53.00566487916758,2.6468701105826873,13.027781391350976
kaydasheva_s000084,0.0,7.4088125,corpus,-41.411247469635626,-46.489434474223366,2.6468630670630278,19.4665362055199
kaydasheva_s001438,0.0,6.4098125,corpus,-43.11213253217629,-48.01553072248186,2.6468595453031982,20.96663758054928
kaydasheva_s001171,0.0,6.3398125,corpus,-42.24890637322555,-49.32725279209978,2.6468560235433687,15.690956253674603
kaydasheva_s000728,0.0,6.4468125,corpus,-43.88404190891473,-48.26936330795288,2.6468560235433687,19.267393409342496
kaydasheva_s000132,0.0,7.27875,corpus,-41.90179644574176,-47.74757365024451,2.6468560235433687,20.910654053237305
kaydasheva_s000662,0.0,4.7998125,corpus,-38.60218505859375,-44.64689086465275,2.635319956772784,16.897504548684985
kaydasheva_s002021,0.0,7.9618125,corpus,-42.87472028109296,-46.708245686122346,2.635319956772784,13.01555583911468
kaydasheva_s000031,0.0,14.0398125,corpus,-43.28542890847579,-45.47282023656936,2.6296368818718685,18.56231914476244
kaydasheva_s000801,0.0,7.8898125,corpus,-42.88535725602028,-46.627564326826345,2.6296368818718685,17.959712799210187
kaydasheva_s001442,0.0,14.7798125,corpus,-46.13823050575102,-47.460607488104635,2.6296368818718685,16.07697676256211
kaydasheva_s000841,0.0,6.9598125,corpus,-40.350305316091955,-45.002172212342956,2.629628610320942,20.332068496245732
kaydasheva_s001270,0.0,3.2298125,corpus,-40.35644228908669,-52.58674121725148,2.629624474545479,22.223182914927847
kaydasheva_s000295,0.0,8.71175,corpus,-45.79827425373134,-48.80688395151278,2.6296203387700157,14.37008548586724
kaydasheva_s001189,0.0,12.6898125,corpus,-45.04064470055162,-45.07045341491699,2.6296203387700157,21.751756892317957
kaydasheva_s001039,0.0,8.4028125,corpus,-47.90812406994048,-50.56795299754423,2.6296203387700157,12.480666548388283
kaydasheva_s001744,0.0,8.5598125,corpus,-43.07497170706776,-45.962125994942404,2.6296203387700157,22.700822619550898
kaydasheva_s000305,0.0,5.7968125,corpus,-40.86410290948276,-46.89609711857165,2.6296203387700157,15.608595942741509
kaydasheva_s001926,0.0,14.67875,corpus,-44.25025278865804,-46.86658715142144,2.6296037956681633,20.05602013611307
kaydasheva_s001889,0.0,3.69375,corpus,-36.12194592649052,-44.58535575866699,2.6228927171098957,15.628109342464736
kaydasheva_s000802,0.0,11.6898125,corpus,-45.63467373289136,-49.68453444266806,2.6168911108757467,20.294171606896604
kaydasheva_s000779,0.0,8.3498125,corpus,-41.14064839071856,-45.088086919086734,2.6168911108757467,23.264525275362267
kaydasheva_s000623,0.0,10.1628125,corpus,-43.455454908956696,-46.057700696198836,2.6168911108757467,17.468124434701913
kaydasheva_s000022,0.0,9.0798125,corpus,-43.27662100770925,-45.806884384155275,2.6168777095902733,19.143931761337612
kaydasheva_s000740,0.0,10.1798125,corpus,-43.147750644646365,-46.81658054220265,2.6168710089475367,21.089982567159613
kaydasheva_s001989,0.0,8.3498125,corpus,-41.99155127245509,-45.7871456761514,2.6168710089475367,24.12891115362408
kaydasheva_s000491,0.0,12.5198125,corpus,-47.02479782348243,-48.222326030576134,2.6168643083048,21.50145212280473
kaydasheva_s001828,0.0,8.2248125,corpus,-42.333894084549875,-45.431819796562195,2.6168643083048,19.682392588081317
kaydasheva_s001384,0.0,5.0498125,corpus,-46.16178449876238,-48.72543823719025,2.6168643083048,19.431313894163075
kaydasheva_s002175,0.0,6.0198125,corpus,-40.04449037063954,-45.216097036997475,2.6168643083048,22.44774522003506
kaydasheva_s002126,0.0,8.2498125,corpus,-43.86682291666666,-45.477232091567096,2.6168643083048,14.406542358266384
kaydasheva_s001138,0.0,14.7898125,corpus,-43.14113474053414,-43.568626923994586,2.6168375057338533,21.092462847826013
kaydasheva_s000405,0.0,13.1098125,corpus,-43.75091771548436,-45.802070396990814,2.6168375057338533,20.80927678398301
kaydasheva_s002280,0.0,1.3598125,corpus,-32.00746065027573,-88.92032114664714,2.614268156870368,6.666555913518497
kaydasheva_s001829,0.0,7.87275,corpus,-45.15915362928844,-49.43083095550537,2.614268156870368,15.470584249540662
kaydasheva_s001310,0.0,6.7518125,corpus,-43.36253472222222,-47.64293690288768,2.6126481525983514,17.42455160793435
kaydasheva_s001183,0.0,6.8098125,corpus,-41.44072079203377,-45.584634704589845,2.6126481525983514,20.663397724568128
kaydasheva_s002335,0.0,3.2838125,corpus,-35.08794421684451,-47.259796142578125,2.6126481525983514,16.7029129062933
kaydasheva_s000458,0.0,10.1198125,corpus,-43.72947288784585,-47.01099121991326,2.6126481525983514,21.25781351475164
kaydasheva_s000999,0.0,4.3398125,corpus,-40.531808035714285,-48.91396294870684,2.6126481525983514,20.871304109818084
kaydasheva_s000793,0.0,3.9698125,corpus,-37.963294041246854,-44.906206539699006,2.6126481525983514,16.32455625447311
kaydasheva_s001222,0.0,12.57175,corpus,-47.69372762529833,-50.29968781722219,2.6126481525983514,18.550494638952223
kaydasheva_s000306,0.0,14.0218125,corpus,-43.46909548858773,-44.702620614093284,2.6126481525983514,22.370724779003957
kaydasheva_s001562,0.0,7.8098125,corpus,-42.91077644846351,-47.99987778944128,2.6126481525983514,22.30057268738666
kaydasheva_s000746,0.0,5.1698125,corpus,-38.215225308268856,-43.12023033286041,2.6126457741994944,22.301635883397402
kaydasheva_s000977,0.0,14.1388125,corpus,-45.00345871640736,-47.066626853413055,2.612638639002924,18.613059334108122
kaydasheva_s001687,0.0,15.41075,corpus,-44.833635829007136,-46.28527943056021,2.612638639002924,18.338754534052356
kaydasheva_s002057,0.0,10.8448125,corpus,-43.491124452260145,-45.371659338474274,2.612638639002924,13.789525216893379
kaydasheva_s001790,0.0,16.6898125,corpus,-46.72837402636309,-48.28889223734538,2.612638639002924,17.34995142133654
kaydasheva_s001405,0.0,5.6598125,corpus,-44.180336241166074,-50.69631914411272,2.61182553686446,5.012553450995092
kaydasheva_s001101,0.0,7.7688125,corpus,-41.73132088561776,-45.827634026022515,2.6086912363568047,6.6622293291174834
kaydasheva_s001542,0.0,11.4608125,corpus,-45.82963841623037,-46.05191377798716,2.604605858658249,3.8043726424642283
kaydasheva_s001553,0.0,12.5448125,corpus,-46.836843974282296,-51.11868307325575,2.604605858658249,17.7301195731318
kaydasheva_s001585,0.0,12.8998125,corpus,-45.435882994186045,-46.76305602391561,2.604600765268905,17.04190661431156
kaydasheva_s001198,0.0,14.1488125,corpus,-43.66850706713781,-44.09640696576533,2.6045803917115307,17.266950952169637
kaydasheva_s002323,0.0,10.8858125,corpus,-42.586428919880625,-45.13321044398289,2.602877485892893,21.152178158309336
kaydasheva_s001298,0.0,13.3498125,corpus,-46.048466760299625,-47.68080226135254,2.602877485892893,15.747001238467323
kaydasheva_s000010,0.0,7.3898125,corpus,-43.865287233592696,-48.48140017191569,2.6028759683533815,20.94762762680744
kaydasheva_s001632,0.0,10.7398125,corpus,-43.38455467295158,-47.47039229611316,2.602635912023265,15.966154786825586
kaydasheva_s000390,0.0,9.9898125,corpus,-44.227860673173176,-46.35570079088211,2.602624679828534,16.82204717283588
kaydasheva_s000848,0.0,12.9028125,corpus,-45.38831153100775,-47.87702356600294,2.602624679828534,18.61867374304261
kaydasheva_s000245,0.0,8.57275,corpus,-43.955335654900814,-47.38267463292831,2.6026232758041927,6.950201907455401
kaydasheva_s000160,0.0,5.3298125,corpus,-41.94711172021576,-49.45019377602471,2.602621871779851,17.409023520796545
kaydasheva_s000335,0.0,8.3998125,corpus,-42.63695591517857,-46.403857090893915,2.5998674051304618,22.027285513300036
kaydasheva_s002318,0.0,5.8698125,corpus,-40.11673498722317,-46.291065800574515,2.5998674051304618,20.41717573898105
kaydasheva_s000812,0.0,5.3198125,corpus,-41.06978383458647,-49.409980483677074,2.5998674051304618,10.035255700900018
kaydasheva_s002198,0.0,6.19275,corpus,-39.620708804523424,-45.15536369596209,2.5998674051304618,22.372829172209766
kaydasheva_s001242,0.0,11.71075,corpus,-48.01375026686593,-48.950746901491854,2.5998674051304618,21.21241468451511
kaydasheva_s001561,0.0,13.3028125,corpus,-42.26761043233083,-44.4163343111674,2.5998674051304618,18.645090086124828
kaydasheva_s001491,0.0,9.6198125,corpus,-44.2367504222973,-47.42188318570455,2.5998674051304618,23.211529727906893
kaydasheva_s001952,0.0,5.27175,corpus,-43.063963917220114,-50.23399453414114,2.5998674051304618,19.42817186189069
kaydasheva_s001875,0.0,12.6798125,corpus,-43.80831957314669,-45.736021245112184,2.5998674051304618,22.19355260924514
kaydasheva_s000990,0.0,11.3278125,corpus,-47.700825380626654,-47.55961706580185,2.5998474231822573,13.821799540784701
kaydasheva_s001186,0.0,6.47575,corpus,-40.08820107542438,-46.31476942098366,2.594743439311604,18.754331505953232
kaydasheva_s001881,0.0,9.0088125,corpus,-44.64149209211987,-47.92094814300537,2.5930472455603684,20.152440234813756
kaydasheva_s000228,0.0,5.97075,corpus,-43.75875143948911,-49.948314954649724,2.5930382843789492,20.674379923224897
kaydasheva_s001862,0.0,12.3898125,corpus,-48.85244842110573,-51.721365970847884,2.5930293231975297,18.37785409118416
kaydasheva_s002142,0.0,9.9598125,corpus,-43.03370513303213,-45.98618143612577,2.591748660146045,17.09335199288217
kaydasheva_s000389,0.0,13.0798125,corpus,-50.7215811353211,-52.09551976997162,2.591748660146045,17.589111940333126
kaydasheva_s001372,0.0,12.3798125,corpus,-41.25537977079968,-43.22739703195137,2.591748660146045,18.904362778799086
kaydasheva_s001920,0.0,10.5238125,corpus,-43.22129723146388,-46.10612691490395,2.591748660146045,16.362896520525922
kaydasheva_s000369,0.0,8.2998125,corpus,-43.14940700301205,-47.37817816086757,2.591748660146045,21.763295805796695
kaydasheva_s000987,0.0,9.45175,corpus,-43.558035714285715,-46.40418283144633,2.580080414629118,19.738132659823467
kaydasheva_s001893,0.0,13.5898125,corpus,-44.07946444996321,-46.09816934080685,2.570019460268263,21.174641924484533
kaydasheva_s000435,0.0,13.4698125,corpus,-46.02043603841871,-49.2030442190952,2.5700052097397164,11.707478429645633
kaydasheva_s002024,0.0,5.1698125,corpus,-39.33575616537718,-45.120405351793444,2.5700052097397164,8.247390751960983
kaydasheva_s000197,0.0,7.9298125,corpus,-42.01605848045397,-45.21167437235514,2.5700052097397164,19.15665058873563
kaydasheva_s001528,0.0,9.7778125,corpus,-44.24360541283231,-45.36733146211994,2.568226648970701,15.573028094342323
kaydasheva_s001315,0.0,9.6008125,corpus,-46.04847819010417,-49.63499816091437,2.568226648970701,16.749344046871926
kaydasheva_s000959,0.0,7.65175,corpus,-42.613773999183,-46.01402016689903,2.5682215335792224,18.244312602645532
kaydasheva_s002045,0.0,8.9598125,corpus,-43.475572858537944,-45.33249490055037,2.5682215335792224,20.041740676651628
kaydasheva_s000505,0.0,8.1598125,corpus,-42.38036630667892,-45.21912307739258,2.5682215335792224,21.61222546199601
kaydasheva_s001530,0.0,9.9598125,corpus,-43.9443359375,-45.87580078427154,2.5682215335792224,16.04536127100109
kaydasheva_s001163,0.0,9.6098125,corpus,-42.2560443223205,-45.85517722804372,2.5682215335792224,16.132324950763312
kaydasheva_s002106,0.0,4.8298125,corpus,-38.41373495729814,-44.18037738800049,2.5682215335792224,19.586955400782713
kaydasheva_s000955,0.0,8.4298125,corpus,-43.91507265717675,-46.752965375601526,2.5682215335792224,19.5209673581828
kaydasheva_s000982,0.0,13.0018125,corpus,-44.510411658653844,-46.46349408409812,2.5607296137270636,18.54263362317198
kaydasheva_s001084,0.0,4.0648125,corpus,-35.12953163485221,-40.92890954786731,2.5607197012279896,20.357561653794434
kaydasheva_s000532,0.0,5.9498125,corpus,-41.45699514180672,-47.45615830854936,2.550324277462505,21.09368656403194
kaydasheva_s001740,0.0,11.2798125,corpus,-43.290402676196805,-46.696469337061835,2.5503010798307835,20.288449619205615
kaydasheva_s001349,0.0,8.4878125,corpus,-44.50215326855124,-47.14142887627901,2.534938926873631,20.693433044286895
kaydasheva_s002059,0.0,5.6798125,corpus,-40.540063132702464,-43.543474649128164,2.5349346226308653,14.112560594936213
kaydasheva_s001866,0.0,12.1528125,corpus,-44.463892103909465,-47.11179994945684,2.5349346226308653,17.198087294654876
kaydasheva_s001761,0.0,5.3998125,corpus,-40.29303023726852,-46.277061835579254,2.5349346226308653,11.661038789519298
kaydasheva_s000621,0.0,6.29875,corpus,-42.33492993551587,-48.01253586921139,2.5349346226308653,18.90053394057876
kaydasheva_s000125,0.0,4.5998125,corpus,-37.43302479619565,-44.4627996550666,2.5349346226308653,24.649153491665594
kaydasheva_s002160,0.0,7.0768125,corpus,-41.131149033368644,-45.77359370181435,2.5349303183880996,20.782390893601622
kaydasheva_s002018,0.0,10.4298125,corpus,-44.05222689956855,-46.92897653994353,2.5349303183880996,22.21659534324199
kaydasheva_s001937,0.0,14.7048125,corpus,-45.830234906462586,-46.75747184753418,2.5349303183880996,18.24709748224409
kaydasheva_s001050,0.0,13.3498125,corpus,-42.92399051966292,-45.124028740507185,2.534261707569834,19.423238057662914
kaydasheva_s000438,0.0,9.8098125,corpus,-44.46362926860347,-47.74453351689481,2.5342367067675977,21.282621409324165
kaydasheva_s000832,0.0,4.8078125,corpus,-38.03724337318087,-45.24795283827671,2.515367048665232,22.434862795163973
kaydasheva_s002119,0.0,5.3598125,corpus,-40.020730089785445,-47.91568979402868,2.515367048665232,21.38222290287368
kaydasheva_s000892,0.0,13.67475,corpus,-42.96972156181419,-45.34110159385861,2.5153532489563215,20.651720557598384
kaydasheva_s000371,0.0,9.09075,corpus,-41.690503816006604,-44.77789028392119,2.5149303428093646,16.990429007022435
kaydasheva_s001070,0.0,11.7538125,corpus,-43.40264960106383,-44.99030689023576,2.51492721749881,20.019154351706337
kaydasheva_s001083,0.0,8.2358125,corpus,-42.782335596177184,-46.12752254710478,2.512154888184801,20.48559188440735
kaydasheva_s001032,0.0,15.73475,corpus,-44.972797798792115,-46.10944908315485,2.512154888184801,18.332947854583907
kaydasheva_s000595,0.0,12.0038125,corpus,-45.2720703125,-47.43490892702395,2.512154888184801,15.758181770712712
kaydasheva_s002014,0.0,9.6098125,corpus,-44.47850952783559,-47.43871862991996,2.512154888184801,21.789520108817182
kaydasheva_s002005,0.0,8.7698125,corpus,-43.51660490307868,-45.46753863284462,2.512154888184801,16.53385653577223
kaydasheva_s000868,0.0,11.2898125,corpus,-43.08041892714792,-45.11892706094329,2.512154888184801,18.44271209590064
kaydasheva_s001477,0.0,9.0198125,corpus,-43.679652854767184,-47.29331690644565,2.512154888184801,18.606508276823696
kaydasheva_s000114,0.0,6.93375,corpus,-43.2432894796176,-47.91850524902344,2.51214979554632,18.956572223990918
kaydasheva_s001056,0.0,9.5448125,corpus,-42.269424790356396,-45.175458653767905,2.51214979554632,19.526057555049544
kaydasheva_s000078,0.0,5.5198125,corpus,-39.7218849071558,-44.206799949087745,2.51214979554632,24.58970676309484
kaydasheva_s000475,0.0,5.5128125,corpus,-39.45307537431942,-45.3191106193944,2.51214979554632,17.452398618095412
kaydasheva_s001774,0.0,11.7998125,corpus,-43.46126191737288,-45.65978018939495,2.5121447029078383,21.64892036366049
kaydasheva_s000467,0.0,10.8198125,corpus,-45.19734504967653,-47.5962210893631,2.51211414707695,17.583550837365983
kaydasheva_s000701,0.0,12.9298125,corpus,-46.403769697409125,-48.04764625353691,2.5039216400419706,17.6780543619301
kaydasheva_s001767,0.0,6.0578125,corpus,-43.19301451629538,-49.28090072400642,2.5039023506097178,21.975522864037544
kaydasheva_s001689,0.0,7.1818125,corpus,-42.069945268976326,-45.91458900351273,2.5039023506097178,17.47843024615473
kaydasheva_s000583,0.0,7.5798125,corpus,-44.36919731200528,-48.11207131605882,2.5039023506097178,19.406953043799078
kaydasheva_s001602,0.0,3.3798125,corpus,-41.10812684911242,-52.78834334663723,2.5039023506097178,15.569652469033299
kaydasheva_s002015,0.0,8.3698125,corpus,-41.5072337962963,-44.35156011581421,2.5039023506097178,17.055245842272512
kaydasheva_s001654,0.0,12.2698125,corpus,-44.21331881621842,-46.51736007103553,2.5039023506097178,24.18004344091836
kaydasheva_s001656,0.0,11.8298125,corpus,-45.15594291525782,-48.102800136659205,2.5038975282516542,20.972940127314352
kaydasheva_s000006,0.0,8.85475,corpus,-47.38558439265537,-51.732528607050575,2.5038975282516542,12.77029245662575
kaydasheva_s002112,0.0,4.0548125,corpus,-34.40217013888889,-42.76921798243667,2.503892705893591,23.729602031334196
kaydasheva_s001289,0.0,16.3998125,corpus,-45.20577362804878,-47.06326240651748,2.5038830611774645,21.043576382742927
kaydasheva_s001635,0.0,4.7098125,corpus,-41.65397342754777,-48.23225316461527,2.4891352914577034,19.350192792018742
kaydasheva_s002100,0.0,8.7898125,corpus,-43.50203089448237,-46.391363600026004,2.485281362002051,22.70477211346457
kaydasheva_s001544,0.0,9.43475,corpus,-42.72437947375398,-45.74446629418267,2.4852777031341478,18.165968393253348
kaydasheva_s002209,0.0,3.1598125,corpus,-34.03076480913766,-44.63683407647269,2.4748074049173363,22.955711745079228
kaydasheva_s001785,0.0,8.1878125,corpus,-42.39664415445665,-45.98004169853366,2.4748074049173363,18.842166509529417
kaydasheva_s000710,0.0,11.4658125,corpus,-47.480570918700955,-50.412517763533685,2.4748074049173363,15.680556914328367
kaydasheva_s001916,0.0,11.0228125,corpus,-40.465804361388386,-43.216585681123554,2.469016607456301,16.8217983371729
kaydasheva_s000983,0.0,12.5098125,corpus,-44.34630732913669,-45.873318386077884,2.469011802083972,22.118911565099054
kaydasheva_s000214,0.0,6.6098125,corpus,-39.37403673411498,-44.59493477618108,2.469011802083972,16.445580282508306
kaydasheva_s002331,0.0,13.5198125,corpus,-46.645204442492606,-48.454137872766566,2.469011802083972,14.360294797927569
kaydasheva_s000888,0.0,8.5098125,corpus,-40.68173472385429,-44.72080561480945,2.469011802083972,21.625480923395635
kaydasheva_s001488,0.0,11.73675,corpus,-44.49989352640545,-46.39345011419179,2.469011802083972,19.985908883831257
kaydasheva_s001773,0.0,11.2498125,corpus,-46.92660763888889,-49.9242399079459,2.469011802083972,11.523883111313559
kaydasheva_s001732,0.0,4.5288125,corpus,-36.94687758692053,-42.42185168796115,2.469011802083972,16.28430719341495
kaydasheva_s002217,0.0,4.7748125,corpus,-42.281037080712785,-50.346577998570034,2.469011802083972,6.334877922931918
kaydasheva_s001427,0.0,8.3198125,corpus,-44.06333571213942,-47.495825906817835,2.469011802083972,13.18926460018099
kaydasheva_s000173,0.0,8.35175,corpus,-47.585764408682635,-52.045046254208216,2.469011802083972,18.284049457866978
kaydasheva_s000724,0.0,6.6988125,corpus,-46.64290170242537,-51.06656362242618,2.4690069967116433,9.410994793363212
kaydasheva_s000708,0.0,6.3558125,corpus,-42.2985732360456,-46.114614450706625,2.4654253509994217,19.389875417647758
kaydasheva_s001646,0.0,6.9498125,corpus,-42.34782486510792,-45.19468739827474,2.46542053026794,19.194456487864187
kaydasheva_s000733,0.0,10.1398125,corpus,-43.15942816198225,-46.39476672639238,2.4629137892319504,18.786303928187024
kaydasheva_s000292,0.0,6.4398125,corpus,-44.40319293478261,-49.67689776950412,2.460366921399044,22.141772179604096
kaydasheva_s001971,0.0,13.33675,corpus,-43.20309278954273,-45.040322124509885,2.460366921399044,18.588863840318513
kaydasheva_s000055,0.0,8.0798125,corpus,-41.619537051361384,-45.07448321825837,2.460366921399044,21.427351032012986
kaydasheva_s002095,0.0,11.1168125,corpus,-42.64793868030576,-45.77163132031759,2.460358609654727,20.299083137109974
kaydasheva_s000441,0.0,3.5078125,corpus,-43.55680199430199,-52.38028939565023,2.460358609654727,18.084212198674706
kaydasheva_s000116,0.0,6.7808125,corpus,-44.990168118547196,-50.462566524744034,2.460067405131735,21.210136653957502
kaydasheva_s001143,0.0,11.2608125,corpus,-45.58298526309947,-46.62369386773361,2.460067405131735,19.090785941825935
kaydasheva_s002080,0.0,7.6868125,corpus,-46.64995123537061,-52.03785742782965,2.460067405131735,12.943906398529567
kaydasheva_s000970,0.0,7.6598125,corpus,-41.6900701697128,-45.541553197588236,2.4600622359414195,20.68527267075677
kaydasheva_s001044,0.0,14.5598125,corpus,-46.13615534855769,-47.46262607574463,2.4598886847276846,7.819113050971099
kaydasheva_s001299,0.0,5.5698125,corpus,-45.66999901817774,-53.626044089977555,2.4598812550338987,19.436109423961486
kaydasheva_s000513,0.0,10.8598125,corpus,-44.51307119014733,-46.80560039651805,2.4598767972176274,20.122935153797435
kaydasheva_s001478,0.0,8.8898125,corpus,-43.796967273622045,-45.9474213682575,2.4598767972176274,23.384361354705746
kaydasheva_s001905,0.0,12.4258125,corpus,-45.134383799275945,-47.61201000920048,2.451143607156521,19.324084377368607
kaydasheva_s000165,0.0,13.7198125,corpus,-43.269334798651606,-44.15339009902056,2.451143607156521,16.18492773414559
kaydasheva_s001725,0.0,13.6248125,corpus,-45.10955568557269,-47.16392745656415,2.451143607156521,18.10047889277888
kaydasheva_s001886,0.0,6.8398125,corpus,-42.78786606816521,-46.24911402142237,2.451143607156521,18.66058590727527
kaydasheva_s000133,0.0,13.2958125,corpus,-45.50301632988722,-46.905816332984514,2.451143607156521,18.22970476990949
kaydasheva_s001655,0.0,6.9998125,corpus,-40.15228515625,-44.37022035386827,2.451143607156521,21.738005532542182
kaydasheva_s002079,0.0,11.2098125,corpus,-44.817848879348794,-46.756481687599255,2.4511384646517858,19.75612468379434
kaydasheva_s001832,0.0,12.73575,corpus,-43.72486692994506,-45.10887089083272,2.4511333221470504,18.28482493004861
kaydasheva_s000145,0.0,4.8898125,corpus,-42.12257956288344,-49.27022039129379,2.44666062238059,22.154324107833574
kaydasheva_s001647,0.0,9.6598125,corpus,-46.84235895445135,-49.69209363243797,2.446648121979472,13.032687601706643
kaydasheva_s000989,0.0,11.0298125,corpus,-45.65693704669084,-49.488076743433034,2.4419433908629125,20.05715263479265
kaydasheva_s002077,0.0,12.7998125,corpus,-43.238424682617186,-45.87219970246665,2.4419333398988075,18.63553950215693
kaydasheva_s001582,0.0,11.1998125,corpus,-44.57222377232143,-47.66071775527227,2.4355276745653067,22.12260268122084
kaydasheva_s002283,0.0,15.4888125,corpus,-47.43813044706262,-48.89263039543515,2.4355276745653067,8.668131202005856
kaydasheva_s000187,0.0,11.3628125,corpus,-46.87716631822183,-49.20810627407498,2.4355276745653067,16.979236203782705
kaydasheva_s001788,0.0,8.4098125,corpus,-46.14289629161712,-49.182874706429494,2.4355276745653067,19.590896199881076
kaydasheva_s000254,0.0,6.8898125,corpus,-40.63208681059506,-45.37025754413907,2.4355276745653067,23.247992861351406
kaydasheva_s000939,0.0,5.4328125,corpus,-36.86238921500921,-42.45471367469201,2.4355276745653067,19.204005730348026
kaydasheva_s000835,0.0,12.0298125,corpus,-45.143125259767245,-47.580626208083075,2.4355276745653067,21.044885187390545
kaydasheva_s000633,0.0,6.8998125,corpus,-40.947933650362316,-45.52442271621139,2.435524690410853,21.65292980436326
kaydasheva_s001759,0.0,12.2998125,corpus,-46.74111089939024,-49.897745049518086,2.4355217062563996,19.059824820866503
kaydasheva_s001714,0.0,7.69775,corpus,-41.77275771103896,-45.272352174270985,2.435515737947493,18.580535913241114
kaydasheva_s000183,0.0,4.3998125,corpus,-43.23626154119318,-50.387250958067,2.413133786092134,23.94033855625142
kaydasheva_s002016,0.0,11.9598125,corpus,-42.88807091346154,-44.52537934392945,2.413133786092134,21.054163340210913
kaydasheva_s001534,0.0,2.4858125,corpus,-36.396649096385545,-51.073123423258465,2.413133786092134,13.387545710921094
kaydasheva_s001109,0.0,4.6098125,corpus,-39.27928840157267,-47.06456456865583,2.413133786092134,22.627998293656606
kaydasheva_s001460,0.0,3.4598125,corpus,-34.25312443551301,-44.5354859488351,2.4131325968927055,22.83146579093463
kaydasheva_s001195,0.0,9.0798125,corpus,-42.88416764179515,-46.4297236247235,2.4131290292944203,21.530978685536493
kaydasheva_s000849,0.0,19.2038125,corpus,-45.127986653645834,-46.20094585418701,2.4131290292944203,8.288686515987223
kaydasheva_s000563,0.0,11.0378125,corpus,-43.12692481884058,-44.62365793024452,2.413119515698993,17.257190406518056
kaydasheva_s001671,0.0,14.4078125,corpus,-45.62719031922276,-46.921335718653225,2.4056554437983237,10.89916726346351
kaydasheva_s001066,0.0,9.7218125,corpus,-43.35823366769547,-46.01559839750591,2.405647888142365,20.249810691753133
kaydasheva_s001718,0.0,11.99675,corpus,-44.321735026041665,-45.44347389708174,2.390346687229077,17.561528301799193
kaydasheva_s001076,0.0,7.8658125,corpus,-45.16452410260483,-48.28737795352936,2.390346687229077,20.936693689962425
kaydasheva_s002098,0.0,6.6058125,corpus,-45.95576659417549,-53.942809104919434,2.3903416917420257,19.502486873637267
kaydasheva_s000347,0.0,6.1598125,corpus,-41.41279740767045,-46.52442383766174,2.3903416917420257,21.250287158063564
kaydasheva_s001023,0.0,7.0898125,corpus,-43.28656117771509,-48.59239096560721,2.390340442870263,21.396222878578243
kaydasheva_s000387,0.0,7.8698125,corpus,-41.95870393900889,-44.783146350414725,2.3903391939985,9.980494689631245
kaydasheva_s002245,0.0,6.3098125,corpus,-42.84419881636292,-48.828038418879274,2.3903366962549746,23.886637957741357
kaydasheva_s000922,0.0,5.0858125,corpus,-39.657117202848724,-48.513964886935256,2.375398886079179,22.25681367901273
kaydasheva_s001813,0.0,12.6698125,corpus,-46.32379945244672,-47.79943373306938,2.3670743241210124,21.41022944018851
kaydasheva_s001412,0.0,6.0498125,corpus,-39.86210614669422,-44.247300843061026,2.367068708023647,23.19000358937239
kaydasheva_s000588,0.0,3.1298125,corpus,-35.05846894968051,-47.420316772460936,2.367068708023647,18.872524174897443
kaydasheva_s001981,0.0,7.7808125,corpus,-41.01871786632391,-45.45253869258996,2.367063091926281,18.551924343788166
kaydasheva_s001111,0.0,15.4698125,corpus,-43.909689116031025,-46.852213845108494,2.354410376790749,20.45470118919935
kaydasheva_s000263,0.0,4.3548125,corpus,-43.391105423850576,-52.83374706904093,2.3544017683052174,18.660126252469393
kaydasheva_s000820,0.0,9.2658125,corpus,-44.27704456580367,-47.21227062449736,2.3544017683052174,16.95993151212072
kaydasheva_s001715,0.0,14.4918125,corpus,-43.49608566252588,-44.62365488810082,2.354393159819686,20.54234545013778
kaydasheva_s000175,0.0,12.0398125,corpus,-46.20754061980897,-48.61280837301481,2.35367689958804,8.064560953905318
kaydasheva_s000933,0.0,10.6498125,corpus,-46.00412265258216,-49.1679816594938,2.353666668805084,20.150763871601484
kaydasheva_s002033,0.0,10.75475,corpus,-42.92575581395349,-44.58507934724442,2.353666668805084,20.547526924405396
kaydasheva_s000511,0.0,7.6698125,corpus,-43.486040376466754,-48.43986616272857,2.353666668805084,11.129623384522269
kaydasheva_s001845,0.0,5.6598125,corpus,-39.33094426347173,-45.09985337690873,2.353666668805084,22.668784513401516
kaydasheva_s002055,0.0,6.85075,corpus,-38.33438355383212,-41.420420201619464,2.353666668805084,12.433705700277816
kaydasheva_s000613,0.0,6.2398125,corpus,-41.78141589042468,-46.55806376570362,2.353666668805084,22.633342164648518
kaydasheva_s002281,0.0,8.6398125,corpus,-42.14857313368056,-43.94502840815364,2.353666668805084,18.612569643763777
kaydasheva_s001782,0.0,7.6198125,corpus,-43.66418553149607,-47.987250984489144,2.353666668805084,19.972998863783403
kaydasheva_s000635,0.0,6.2298125,corpus,-45.770158256420544,-49.97546660225346,2.353666668805084,24.533308524933005
kaydasheva_s002296,0.0,6.3098125,corpus,-42.728791105388275,-48.41664396921794,2.3536653899572144,18.74625601425491
kaydasheva_s000352,0.0,5.6198125,corpus,-40.36145323620996,-48.09955304982711,2.3536641111093446,16.50505130753946
kaydasheva_s001246,0.0,8.8798125,corpus,-44.595443588119366,-49.294349280270666,2.3536615534136054,7.182741800057833
kaydasheva_s000809,0.0,4.2398125,corpus,-39.615238981426884,-48.581218812523815,2.351436721998152,22.881211137641234
kaydasheva_s000171,0.0,10.67675,corpus,-47.947027885065545,-50.78256601853804,2.351429678478493,16.53247042981731
kaydasheva_s000684,0.0,14.7598125,corpus,-44.533488948170735,-46.56634679723669,2.351422634958834,18.76279140405993
kaydasheva_s000539,0.0,10.83375,corpus,-43.447115939519854,-45.1788755737909,2.351422634958834,20.053989516884585
kaydasheva_s000884,0.0,6.65875,corpus,-40.47327503284534,-45.63411978312901,2.350456880749993,21.517113404923563
kaydasheva_s001906,0.0,8.6678125,corpus,-46.3605148861015,-49.984382969059354,2.350456880749993,22.686756963586173
kaydasheva_s000250,0.0,13.3998125,corpus,-47.27355118936567,-50.19481283771105,2.350456880749993,18.253355318263075
kaydasheva_s000219,0.0,9.6148125,corpus,-47.496081555671175,-50.10809486470324,2.350456880749993,15.186175830005492
kaydasheva_s001416,0.0,4.9448125,corpus,-40.281218370445345,-46.16204861896794,2.350456880749993,19.227134813504776
kaydasheva_s000470,0.0,8.9418125,corpus,-43.8629841303132,-47.73428909301758,2.350456880749993,18.25407489831622
kaydasheva_s001704,0.0,8.3398125,corpus,-43.81692146282974,-46.9685627746582,2.350456880749993,21.692923943906738
kaydasheva_s000995,0.0,5.1008125,corpus,-37.324153645833334,-44.388383189837135,2.350456880749993,21.702266732885295
kaydasheva_s001150,0.0,8.03775,corpus,-44.347787430037314,-47.84842670827672,2.350456880749993,23.661127637469427
kaydasheva_s001587,0.0,15.8198125,corpus,-46.40383019911504,-47.466887856744655,2.350456880749993,4.632796239752107
kaydasheva_s001878,0.0,3.99475,corpus,-38.89941161497494,-49.08517882698461,2.350447236033866,19.70946641232487
kaydasheva_s001363,0.0,6.1098125,corpus,-41.02253605769231,-46.50380418885429,2.350447236033866,20.27482686618384
kaydasheva_s001574,0.0,8.79775,corpus,-45.22354847301136,-47.41377900895618,2.350447236033866,18.05975204304438
kaydasheva_s001058,0.0,5.5028125,corpus,-39.44727982954546,-45.3101681300572,2.350447236033866,14.271421626299166
kaydasheva_s000913,0.0,11.6298125,corpus,-43.35375577708513,-46.05335167476109,2.350447236033866,17.75437050348584
kaydasheva_s002089,0.0,5.7898125,corpus,-40.38107526446459,-44.965552435980904,2.350447236033866,6.975327197061066
kaydasheva_s000992,0.0,12.3598125,corpus,-45.92135669498382,-48.04953010458695,2.350447236033866,6.489764084411485
kaydasheva_s001262,0.0,4.8068125,corpus,-37.126007016632016,-44.53365002846231,2.350447236033866,20.304849735626426
kaydasheva_s001417,0.0,2.4658125,corpus,-33.81010801492915,-50.00881737156918,2.350447236033866,15.88290829097417
kaydasheva_s000993,0.0,7.03675,corpus,-46.90230490944602,-51.15339138633326,2.350447236033866,17.10817795142682
kaydasheva_s001713,0.0,3.7858125,corpus,-40.78642655425462,-54.2846811082628,2.350447236033866,7.908949274805453
kaydasheva_s002149,0.0,6.5238125,corpus,-39.2510754169862,-44.362206113511235,2.350447236033866,17.67776768063856
kaydasheva_s001355,0.0,4.8078125,corpus,-39.75273275077963,-46.158037575808436,2.350447236033866,9.246982881501307
kaydasheva_s002226,0.0,3.87875,corpus,-38.81747342139175,-50.151612189508256,2.350447236033866,15.55123333831553
kaydasheva_s001230,0.0,6.9098125,corpus,-40.39801352206946,-43.65863701275417,2.350447236033866,16.112185981473093
kaydasheva_s001381,0.0,3.3198125,corpus,-38.15212608245482,-48.6819091796875,2.350447236033866,24.917663522701567
kaydasheva_s000578,0.0,3.9598125,corpus,-36.68753452493687,-44.515481524997284,2.350447236033866,22.010967798602998
kaydasheva_s002026,0.0,3.69375,corpus,-39.36467596121274,-50.53328327699141,2.350442413675803,15.813375223624567
kaydasheva_s002139,0.0,7.1828125,corpus,-43.99016092879526,-48.259736074917555,2.3504375913177395,20.86575632118445
kaydasheva_s000839,0.0,5.5698125,corpus,-39.56968834156194,-45.17956612660335,2.3504375913177395,20.57900735083954
kaydasheva_s000519,0.0,8.1298125,corpus,-41.04160420510455,-44.422562804403185,2.3504375913177395,24.21146036460713
kaydasheva_s001931,0.0,3.0398125,corpus,-40.52660490337171,-55.72163130107679,2.3504375913177395,12.383707378277219
kaydasheva_s000796,0.0,4.7818125,corpus,-41.64317468619247,-50.20610645839146,2.3504375913177395,20.16484298247844
kaydasheva_s000627,0.0,11.0198125,corpus,-44.42226846075317,-47.507624816894534,2.3504183018854867,15.845094098442054
kaydasheva_s001719,0.0,9.8298125,corpus,-44.76198896871821,-45.37161560058594,2.3504183018854867,14.740373992858675
kaydasheva_s001848,0.0,9.5298125,corpus,-43.09290562696747,-46.40874495713607,2.3504183018854867,16.64775212375052
kaydasheva_s000612,0.0,5.3198125,corpus,-41.485722362546994,-46.591055163630735,2.3479628357155677,10.383725240205512
kaydasheva_s001462,0.0,8.1188125,corpus,-46.66441367764779,-51.90437987191336,2.3479628357155677,18.232778579380344
kaydasheva_s000454,0.0,8.4498125,corpus,-44.28698224852071,-47.80125722383198,2.3375407164142064,21.85618937299688
kaydasheva_s001720,0.0,9.1798125,corpus,-46.64347171160131,-52.243837847568024,2.3322932778624144,21.343844020565037
kaydasheva_s002234,0.0,5.0998125,corpus,-38.76211320465686,-45.06231533751196,2.3322867557452374,17.971995640655834
kaydasheva_s000597,0.0,6.9598125,corpus,-40.56932471264368,-44.18122757805718,2.3322867557452374,15.046225252158418
kaydasheva_s000415,0.0,7.8848125,corpus,-42.42554826300761,-48.034434247016904,2.3322867557452374,21.1686446019624
kaydasheva_s000201,0.0,4.15775,corpus,-42.40591195913461,-54.72281526264391,2.3322867557452374,5.793797338484978
kaydasheva_s001375,0.0,3.5048125,corpus,-40.64683035714286,-56.32454242706299,2.3322867557452374,26.357309169082683
kaydasheva_s000246,0.0,5.4398125,corpus,-44.417502010569855,-50.874951830097274,2.3322867557452374,18.347295884553333
kaydasheva_s000041,0.0,9.09575,corpus,-48.72599587912088,-52.9156062297332,2.33228023362806,20.74135996279318
kaydasheva_s000445,0.0,8.37475,corpus,-44.303763440860216,-47.46121605767144,2.3181980214979943,18.317644355204166
kaydasheva_s002248,0.0,13.8798125,corpus,-46.78225189121037,-48.58084939873737,2.3181980214979943,20.542253061914096
kaydasheva_s000316,0.0,7.5188125,corpus,-43.032346035571805,-48.03200902165593,2.318191499380817,22.92196811048875
kaydasheva_s002084,0.0,5.2438125,corpus,-40.910827170801525,-47.215423027674355,2.3181898688515226,18.521771504955197
kaydasheva_s001128,0.0,5.1208125,corpus,-38.42453384399414,-44.128748914930554,2.3181898688515226,16.728447654571653
kaydasheva_s001414,0.0,13.3788125,corpus,-43.33383840153214,-45.34916724060937,2.3181849772636394,15.040901509224389
kaydasheva_s001923,0.0,3.8598125,corpus,-42.84488341968912,-51.97883815150107,2.3164015393544366,10.461737003653436
kaydasheva_s000573,0.0,11.1278125,corpus,-46.39907625786164,-48.17705586271466,2.3164015393544366,14.983439241255724
kaydasheva_s001639,0.0,3.05375,corpus,-32.366873719262294,-44.61587742396763,2.3163918712604743,18.964921382016467
kaydasheva_s001524,0.0,14.0278125,corpus,-44.6040794280114,-47.18245978903981,2.3163918712604743,18.137199313449052
kaydasheva_s001509,0.0,11.4828125,corpus,-42.21646341463415,-44.48466108377698,2.3163918712604743,21.538107364742196
kaydasheva_s000896,0.0,14.2618125,corpus,-44.14592281732118,-45.51290598260351,2.3163918712604743,16.65114704751532
kaydasheva_s001280,0.0,5.7198125,corpus,-41.31639259178322,-45.19464497132735,2.3163918712604743,23.16783309215098
kaydasheva_s000341,0.0,5.6558125,corpus,-41.61446140680212,-45.84833207130432,2.3163918712604743,18.22745456317652
kaydasheva_s001108,0.0,4.3198125,corpus,-38.52889449508102,-46.575550744699875,2.312696402665671,13.343013488427049
kaydasheva_s001415,0.0,12.65875,corpus,-43.935565388033176,-45.37250874723707,2.312696402665671,18.242055841336743
kaydasheva_s000907,0.0,7.0898125,corpus,-43.016244821050776,-47.83751597548976,2.312696402665671,17.83302092277354
kaydasheva_s001448,0.0,3.2208125,corpus,-34.23075080065994,-44.63466215133667,2.312691108218447,15.615842381185466
kaydasheva_s000373,0.0,6.8098125,corpus,-41.41414280469897,-44.86644447033222,2.312691108218447,22.83312181877314
kaydasheva_s001273,0.0,6.2058125,corpus,-41.58827747584541,-46.25087172298108,2.312691108218447,18.09146371053299
kaydasheva_s001609,0.0,2.8898125,corpus,-40.15460775302768,-56.24381160736084,2.312691108218447,19.668643132156138
kaydasheva_s002291,0.0,9.0198125,corpus,-42.370201635254986,-43.665054519455154,2.3126858137712234,13.936613699088786
kaydasheva_s000766,0.0,11.21775,corpus,-43.95924200646168,-45.811704050196276,2.3126858137712234,19.148678555584752
kaydasheva_s001575,0.0,6.6058125,corpus,-43.6706635306354,-50.025236550024,2.3126858137712234,22.939550251608587
kaydasheva_s000377,0.0,8.65575,corpus,-41.681527857967666,-44.71131090017465,2.3126858137712234,18.667488290261193
kaydasheva_s000315,0.0,7.5898125,corpus,-42.42472620223979,-46.49448456302766,2.3126858137712234,22.57303161828845
kaydasheva_s001751,0.0,9.5898125,corpus,-43.97503095672575,-49.0373529995189,2.3126858137712234,22.457318402491744
kaydasheva_s001741,0.0,7.5198125,corpus,-43.704750872672875,-48.09455495267301,2.3126858137712234,20.557883887532398
kaydasheva_s000102,0.0,7.7398125,corpus,-41.49163739502584,-45.78114289707608,2.3070739112297383,21.169924737522376
kaydasheva_s001810,0.0,6.3688125,corpus,-44.673662553963894,-49.885798246964164,2.307072461377756,18.063031615305796
kaydasheva_s001501,0.0,10.41375,corpus,-43.96870872358309,-45.225473820478065,2.307072461377756,5.391832796855354
kaydasheva_s000672,0.0,9.0498125,corpus,-43.975349620165744,-46.57191895849911,2.307068111821808,21.41438973133074
kaydasheva_s000043,0.0,9.1298125,corpus,-44.49183238636363,-46.92741729996421,2.2926993402980123,21.90917786228723
kaydasheva_s000575,0.0,6.8598125,corpus,-40.73738155976677,-45.23389595746994,2.292694998395752,20.4032268098044
kaydasheva_s000126,0.0,3.5868125,corpus,-38.28282773328691,-47.39309939216165,2.2826949498233966,5.3114871421731635
kaydasheva_s000446,0.0,11.7698125,corpus,-44.748323996389125,-46.90308297135448,2.2826949498233966,19.298820683645236
kaydasheva_s002264,0.0,9.6098125,corpus,-42.103525786940686,-45.43274885354583,2.2826949498233966,21.630214516402276
kaydasheva_s002046,0.0,4.95575,corpus,-42.09211189516129,-48.83342392661355,2.282690814047933,17.330481144062592
kaydasheva_s001825,0.0,9.0498125,corpus,-41.36301363950276,-44.682178323919125,2.282690814047933,19.547892720359854
kaydasheva_s001723,0.0,15.8298125,corpus,-46.579561157612126,-48.231657319396504,2.282690814047933,11.52543561515234
kaydasheva_s001489,0.0,6.9438125,corpus,-39.484051355367434,-43.45850737198539,2.28268667827247,22.33069765436592
kaydasheva_s001867,0.0,3.41475,corpus,-35.40042499083578,-42.48864826789269,2.28268667827247,11.723823580730699
kaydasheva_s001030,0.0,11.7098125,corpus,-45.15364472139197,-46.384572168191276,2.282678406721544,18.009809047953652
kaydasheva_s000071,0.0,13.1268125,corpus,-45.46659903370145,-48.564447142861106,2.282661863619692,19.723569711730683
kaydasheva_s000003,0.0,10.3508125,corpus,-43.27619640700483,-45.97539370527891,2.2721032953194,19.67642603647011
kaydasheva_s000262,0.0,7.2698125,corpus,-40.24604270546767,-43.53437882085,2.272090794918282,20.720317898536933
kaydasheva_s000056,0.0,14.8698125,corpus,-43.7864014164425,-45.19862039765315,2.272087669818002,18.943198080880542
kaydasheva_s000685,0.0,5.1808125,corpus,-42.452295487451735,-46.641896020798455,2.2711502503187444,20.552264832145003
kaydasheva_s000464,0.0,4.8798125,corpus,-36.4261694736168,-42.16287324693468,2.2711502503187444,22.953271974702012
kaydasheva_s000024,0.0,4.1518125,corpus,-51.08618693524097,-66.74638055872035,2.2711502503187444,13.746818328993685
kaydasheva_s000644,0.0,3.2798125,corpus,-34.477071622522864,-43.485077222188316,2.271148469002676,19.75531453840022
kaydasheva_s000759,0.0,13.23675,corpus,-41.32723104701662,-44.1347924529529,2.271143125054471,19.885340230725625
kaydasheva_s002183,0.0,10.1868125,corpus,-44.05803023797841,-47.43450870513916,2.2674648758606644,20.716694631241353
kaydasheva_s000007,0.0,18.3788125,corpus,-43.946698177366706,-45.761996021977176,2.2674648758606644,19.853883903301192
kaydasheva_s000954,0.0,6.6838125,corpus,-44.310517636601794,-50.639784926075045,2.2674600704883354,21.896027891278116
kaydasheva_s000266,0.0,7.2498125,corpus,-41.791818426724134,-46.34844149483575,2.2674600704883354,19.40015510043171
kaydasheva_s000818,0.0,2.4858125,corpus,-31.665852864583332,-45.81058216094971,2.2674600704883354,17.262013522641933
kaydasheva_s000827,0.0,3.41475,corpus,-38.0435701521261,-48.538794973622196,2.267458869145253,16.01750690264062
kaydasheva_s001115,0.0,6.9158125,corpus,-42.48946667268786,-47.263425678014755,2.267458869145253,16.843850192611
kaydasheva_s002242,0.0,6.31675,corpus,-41.91339806665348,-43.274867343902585,2.267458869145253,23.7055546155173
kaydasheva_s000942,0.0,5.9998125,corpus,-38.61801106770833,-43.41615490203208,2.2674576678021707,20.351347587394315
kaydasheva_s001385,0.0,4.1608125,corpus,-35.251199575570915,-41.91575321398283,2.2674576678021707,22.479088641552032
kaydasheva_s001859,0.0,9.5058125,corpus,-44.23390674290221,-47.00557833301778,2.2674552651160065,15.849310399878652
kaydasheva_s001995,0.0,9.2388125,corpus,-44.19923566017316,-47.453043904024014,2.2674552651160065,20.315125002737012
kaydasheva_s000407,0.0,12.7798125,corpus,-43.67947354264476,-46.058601325412965,2.2520066269202905,21.830659336482466
kaydasheva_s000828,0.0,12.3028125,corpus,-45.88469575711382,-47.33435358963614,2.2520066269202905,15.397017787017653
kaydasheva_s001949,0.0,13.5598125,corpus,-44.596063214417406,-46.06824259514356,2.2432612249258046,18.733927107442277
kaydasheva_s000836,0.0,7.0068125,corpus,-39.91427146487161,-44.29422042104933,2.2432560557354893,20.900539965325926
kaydasheva_s000397,0.0,12.0598125,corpus,-45.27979244402985,-47.697821601231894,2.2251137935062593,16.86765753753062
kaydasheva_s001177,0.0,12.6898125,corpus,-46.25265957446808,-48.174599977297206,2.2171973744665525,17.40461493502837
kaydasheva_s001541,0.0,10.0798125,corpus,-41.83468579489087,-43.74980776650565,2.2171839326944234,16.503107501928326
kaydasheva_s001139,0.0,7.5698125,corpus,-41.85721546813078,-45.759651552547105,2.2171839326944234,21.389218026151816
kaydasheva_s002163,0.0,11.9898125,corpus,-42.73255707881568,-43.73400762099628,2.217179452103714,18.402644550470477
kaydasheva_s001485,0.0,4.8598125,corpus,-38.82842238940329,-46.7509457724435,2.2136194195859162,17.306960048287692
kaydasheva_s000667,0.0,6.2098125,corpus,-42.144455766908216,-48.15941225472143,2.2136194195859162,20.326763984709572
kaydasheva_s001168,0.0,10.1278125,corpus,-45.675947063178675,-50.57039507841453,2.2136194195859162,21.42001290831627
kaydasheva_s001930,0.0,5.39375,corpus,-39.92852432166048,-46.02212195396423,2.2136194195859162,18.498116564221366
kaydasheva_s000391,0.0,4.4498125,corpus,-40.38466028792135,-48.07684135437012,2.213618230386488,21.413073300169266
kaydasheva_s001894,0.0,6.8298125,corpus,-41.53645738012445,-45.94093982508925,2.2136170411870597,17.140629379758238
kaydasheva_s000499,0.0,14.0888125,corpus,-42.26037138484741,-44.407518968514516,2.211688391524378,19.332765969545736
kaydasheva_s000380,0.0,3.9798125,corpus,-38.73575151146357,-48.58027992248535,2.2116812662601046,25.69854199759216
kaydasheva_s000195,0.0,4.8998125,corpus,-39.809865274234696,-49.04319260337136,2.2116812662601046,20.146335744507972
kaydasheva_s000202,0.0,5.7198125,corpus,-41.81578821569056,-49.63073352287556,2.211674140995831,25.389264306878523
kaydasheva_s002125,0.0,8.7398125,corpus,-44.78786023312357,-49.08609521653917,2.211674140995831,20.322782103250375
kaydasheva_s000567,0.0,12.05275,corpus,-49.0204065093361,-50.69912494175018,2.2116598904672844,15.086035345416182
kaydasheva_s001511,0.0,9.4018125,corpus,-44.15077709441489,-47.67812873096001,2.2116598904672844,22.931121171051334
kaydasheva_s001510,0.0,11.9098125,corpus,-44.561611172334175,-45.635794493529175,2.1981510914465385,17.17148222404856
kaydasheva_s000496,0.0,6.8098125,corpus,-40.30679263032305,-43.56910739727874,2.1851988940868643,23.38250258710473
kaydasheva_s000893,0.0,7.2028125,corpus,-41.99946017795139,-46.37520135415567,2.1851988940868643,21.85166671837311
kaydasheva_s001389,0.0,4.7698125,corpus,-40.23653285508386,-46.435184478759766,2.185195909932411,21.772881130348868
kaydasheva_s000362,0.0,3.7198125,corpus,-38.54006006384409,-49.86696613856724,2.185195909932411,24.12511269668466
kaydasheva_s001395,0.0,7.2198125,corpus,-47.31767767486149,-52.63386685730981,2.1808159783535896,21.505009786363733
kaydasheva_s000142,0.0,3.9208125,corpus,-37.828369140625,-47.433554543389214,2.1808147294818268,18.63276250939991
kaydasheva_s000257,0.0,6.65675,corpus,-43.05708051801802,-46.4635782595034,2.180810982866538,21.198949196556946
kaydasheva_s001336,0.0,16.6598125,corpus,-45.53769320228091,-45.466481244653686,2.17734689357316,16.084974260850707
kaydasheva_s001946,0.0,7.8258125,corpus,-43.893104446040866,-49.201101973250104,2.17734689357316,22.859071990415366
kaydasheva_s001716,0.0,11.0898125,corpus,-43.71593214607755,-46.365186055501304,2.17734689357316,17.233811299189583
kaydasheva_s000752,0.0,6.2098125,corpus,-41.3422340479066,-45.74458511059101,2.1773418001838163,17.766085412815908
kaydasheva_s000704,0.0,6.8198125,corpus,-41.10202930260264,-45.742605321547565,2.1773418001838163,23.22003701504246
kaydasheva_s000035,0.0,6.6098125,corpus,-42.5064651096823,-47.23363682375116,2.1773418001838163,23.19762862371871
kaydasheva_s001594,0.0,6.07275,corpus,-44.03280091639209,-49.435847912194596,2.1773367067944727,17.73526273171745
kaydasheva_s001529,0.0,7.1098125,corpus,-44.7311747318917,-49.940262626199164,2.177326520015786,22.531166120481654
kaydasheva_s001231,0.0,11.1768125,corpus,-43.16629863595707,-43.907989571311255,2.1738732182223357,20.471585364336295
kaydasheva_s001104,0.0,13.8958125,corpus,-45.362424123201436,-46.16374554353602,2.1738732182223357,15.394359379842719
kaydasheva_s000241,0.0,10.7398125,corpus,-43.853308310055866,-47.227771938971756,2.1738732182223357,19.423190381112555
kaydasheva_s000080,0.0,12.1988125,corpus,-45.66719390368853,-47.154517203883124,2.17386891397957,17.752088566176262
kaydasheva_s001945,0.0,11.2998125,corpus,-43.53992325774336,-47.0383686216751,2.17386891397957,17.097176412481478
kaydasheva_s002319,0.0,6.6358125,corpus,-43.64809334996235,-46.177106080231844,2.17386891397957,4.306340986892113
kaydasheva_s000875,0.0,7.9698125,corpus,-41.3388831163739,-44.32448365953233,2.17386891397957,22.97555851864429
kaydasheva_s002027,0.0,11.9428125,corpus,-43.830981077261306,-43.79536395825838,2.173864609736804,18.548024580835687
kaydasheva_s000216,0.0,8.5698125,corpus,-46.156263674154026,-49.50606240981664,2.169301349241565,18.176478955740684
kaydasheva_s001733,0.0,4.5288125,corpus,-40.94733892108168,-45.4751055487271,2.169026815554068,15.371140658858744
kaydasheva_s002151,0.0,12.9088125,corpus,-44.8776959479086,-45.97595552515101,2.1690141947604604,13.553884755335737
kaydasheva_s000974,0.0,2.45875,corpus,-46.412216558689025,-64.83759727478028,2.1449547963195,0.6855061133057578
kaydasheva_s001008,0.0,5.4198125,corpus,-42.70922941651291,-50.62196780265646,2.1442056444348094,22.164132706906017
kaydasheva_s000971,0.0,6.6998125,corpus,-42.45101737406716,-47.88373161084724,2.1442056444348094,19.047419142194926
kaydasheva_s001707,0.0,4.2438125,corpus,-42.39149100825472,-49.84195327758789,2.1442056444348094,7.403394677578259
kaydasheva_s000051,0.0,7.0438125,corpus,-40.69191672585227,-45.20540753389016,2.1442056444348094,18.800867687761205
kaydasheva_s000642,0.0,8.21875,corpus,-39.174664499695865,-42.59863888345114,2.1442056444348094,21.752892403873016
kaydasheva_s001464,0.0,7.5598125,corpus,-41.456770316633595,-44.986086398740355,2.1442056444348094,18.04785846640578
kaydasheva_s001404,0.0,4.59375,corpus,-39.95289096541394,-48.07602271166715,2.1442056444348094,22.780519228078276
kaydasheva_s000299,0.0,14.9648125,corpus,-44.02023103275401,-45.178962226805645,2.1442056444348094,20.369912272048726
kaydasheva_s001369,0.0,9.6438125,corpus,-45.51548722769709,-49.152661966723066,2.1442056444348094,15.85087616681568
kaydasheva_s001018,0.0,3.11775,corpus,-34.59139310396635,-46.179359436035156,2.1442056444348094,21.767222714449247
kaydasheva_s001052,0.0,14.9398125,corpus,-45.4904984521419,-46.98110727582659,2.1442056444348094,20.29580397907831
kaydasheva_s000947,0.0,6.3608125,corpus,-40.8768364288522,-44.7820283472538,2.1442056444348094,18.084384594749302
kaydasheva_s000450,0.0,3.3198125,corpus,-36.513930722891565,-48.75976870610164,2.1442056444348094,21.338664608253413
kaydasheva_s001484,0.0,2.9498125,corpus,-32.742061705508476,-45.09396690368652,2.1442056444348094,21.50399135331864
kaydasheva_s001325,0.0,12.5698125,corpus,-43.6481795694113,-46.35191616585584,2.1442056444348094,18.34642296848117
kaydasheva_s002161,0.0,6.6898125,corpus,-42.11877569133034,-47.48366315247583,2.1442056444348094,21.647571262687077
kaydasheva_s001568,0.0,4.3998125,corpus,-42.26966885653409,-55.84132588704427,2.1442056444348094,15.263752341507207
kaydasheva_s001566,0.0,6.4198125,corpus,-42.604607793029594,-47.81159939682274,2.144200810387828,5.140099411209546
kaydasheva_s000632,0.0,7.1098125,corpus,-40.74467354518284,-45.926274972803455,2.139116919422423,20.688377459525263
kaydasheva_s001856,0.0,10.3798125,corpus,-47.88749021555876,-51.62634882433661,2.139116919422423,17.682988675026095
kaydasheva_s001090,0.0,7.5018125,corpus,-43.432393229166664,-46.377279885609944,2.139116919422423,14.032481386734025
kaydasheva_s000054,0.0,8.8898125,corpus,-41.79490210208099,-44.80831700060741,2.139116919422423,16.676909231893315
kaydasheva_s000679,0.0,12.8598125,corpus,-45.17823860322706,-47.46712595815877,2.139116919422423,20.32372485102617
kaydasheva_s001563,0.0,12.8098125,corpus,-45.18049558450429,-47.55925705121911,2.139116919422423,19.499369467921884
kaydasheva_s001954,0.0,11.5098125,corpus,-44.00188355234579,-45.40900258781496,2.139116919422423,21.04880536784634
kaydasheva_s001247,0.0,12.6148125,corpus,-45.18150897105472,-46.48117683827877,2.139116919422423,16.676283659743333
kaydasheva_s000838,0.0,8.2098125,corpus,-45.853446635200974,-48.72254974611344,2.1391105251830753,13.203344608333717
kaydasheva_s000535,0.0,3.4988125,corpus,-37.985379464285714,-47.281319345746724,2.139109246335206,22.73290028701392
kaydasheva_s001538,0.0,5.45775,corpus,-41.16823345924909,-49.55708941897831,2.1391066886394667,13.870453451336667
kaydasheva_s002253,0.0,8.8498125,corpus,-42.344738700564974,-45.12638953297409,2.13151273621876,19.770677835757443
kaydasheva_s001486,0.0,8.27875,corpus,-43.567835711050726,-49.065389079432336,2.13151273621876,20.87575069838648
kaydasheva_s000364,0.0,3.1198125,corpus,-37.40335787259615,-43.80666396197151,2.1186391908112876,7.992974736027591
kaydasheva_s002227,0.0,6.1078125,corpus,-39.41922181873977,-45.00901885986328,2.11326241797161,16.966044366957092
kaydasheva_s001496,0.0,6.9798125,corpus,-43.71881435798711,-48.18847288165176,2.1105825918741674,19.704932145929106
kaydasheva_s000211,0.0,10.9698125,corpus,-44.224016493846854,-48.78117444438319,2.1105825918741674,16.330464717248507
kaydasheva_s002277,0.0,5.9598125,corpus,-41.43637269295302,-47.147764934193006,2.0993836668318893,18.736075656639485
kaydasheva_s001354,0.0,10.6648125,corpus,-40.96091551360225,-43.32596215334806,2.0993740221157626,17.606051363159295
kaydasheva_s001597,0.0,3.6198125,corpus,-38.213001230145025,-47.206888335091726,2.0993740221157626,23.30986772503577
kaydasheva_s000950,0.0,5.5598125,corpus,-41.42037854091727,-47.76445523014775,2.099371610936731,23.20079646592476
kaydasheva_s000213,0.0,13.2688125,corpus,-45.77361706386586,-47.758365436476105,2.0993643773996364,16.724828191262457
kaydasheva_s000902,0.0,5.8158125,corpus,-41.07191996885739,-46.42166141587861,2.0993643773996364,16.75465698843856
kaydasheva_s001053,0.0,3.69375,corpus,-41.40702278116531,-51.530358505249026,2.0993643773996364,12.600172269539234
kaydasheva_s001537,0.0,5.4098125,corpus,-40.416780990064694,-45.00365034062812,2.0993643773996364,23.316331088028406
kaydasheva_s001661,0.0,13.4898125,corpus,-45.32392049666419,-45.92895642235165,2.0993643773996364,20.034549845639653
kaydasheva_s001203,0.0,6.7798125,corpus,-43.70799628963864,-46.490925615484066,2.0993643773996364,18.54565989687627
kaydasheva_s000459,0.0,7.6998125,corpus,-42.633177759740256,-46.857849188018264,2.0993643773996364,22.39617711736791
kaydasheva_s000702,0.0,7.4098125,corpus,-45.903556216261805,-50.52625425930681,2.0953038779498505,20.981179982993268
kaydasheva_s000032,0.0,5.8998125,corpus,-42.817200741525426,-48.635399986715875,2.0953038779498505,19.112337711616764
kaydasheva_s002154,0.0,6.1898125,corpus,-49.76903271405493,-57.257327908375224,2.0953038779498505,2.6625446224035976
kaydasheva_s001260,0.0,5.7198125,corpus,-42.27152193509615,-46.67142535794166,2.0953038779498505,22.478410976591842
kaydasheva_s000603,0.0,3.13575,corpus,-36.3916295531449,-49.917236776912915,2.0953038779498505,4.535481092801426
kaydasheva_s001335,0.0,4.9198125,corpus,-45.57630287728659,-54.39585549490793,2.0953038779498505,8.357166243349084
kaydasheva_s001434,0.0,4.3498125,corpus,-39.57493265086207,-46.40728618787683,2.095301331255179,20.724170608955937
kaydasheva_s000083,0.0,10.7198125,corpus,-45.087894268889926,-48.044852122925874,2.0952936911711633,21.892911824076506
kaydasheva_s000822,0.0,16.9498125,corpus,-44.114947455752215,-46.4552993291541,2.093676208157833,21.252183321249923
kaydasheva_s001780,0.0,4.7098125,corpus,-37.57853967622081,-43.909574031829834,2.093676208157833,23.622551668357673
kaydasheva_s001738,0.0,8.5738125,corpus,-45.037444391773626,-49.12887735476439,2.0887410102622335,21.300788682624873
kaydasheva_s001371,0.0,11.2838125,corpus,-44.056443234707444,-46.17991830926192,2.0887410102622335,17.00354658438865
kaydasheva_s001029,0.0,8.0498125,corpus,-42.694497282608694,-45.41809324376723,2.0887258989503157,16.762606903441373
kaydasheva_s000928,0.0,11.1498125,corpus,-42.78817965246637,-44.630236073544154,2.08496400181358,21.823662932692116
kaydasheva_s000495,0.0,6.3258125,corpus,-40.109285520339654,-45.45448701135044,2.0849538165366175,20.636075390686393
kaydasheva_s001898,0.0,9.8238125,corpus,-42.93359772785132,-45.58473318976325,2.084948723898136,17.967486555865797
kaydasheva_s001824,0.0,3.9078125,corpus,-36.61989490089514,-44.60032113393148,2.084948723898136,20.63146786051381
kaydasheva_s002334,0.0,5.1198125,corpus,-37.45499038696289,-43.66665241765041,2.0849436312596548,23.467634048369966
kaydasheva_s001144,0.0,12.2628125,corpus,-45.75685346146003,-47.343885866800946,2.0849436312596548,15.194910861091682
kaydasheva_s000147,0.0,6.75875,corpus,-46.71659751756657,-50.387541166941325,2.0659083388926986,17.494343830737662
kaydasheva_s001169,0.0,7.4898125,corpus,-40.94445980056742,-45.05999785831997,2.0659083388926986,19.467214155174798
kaydasheva_s000356,0.0,3.6598125,corpus,-35.57719112875683,-46.72050952911377,2.0659083388926986,24.207206360812304
kaydasheva_s000737,0.0,8.2798125,corpus,-42.9022022192029,-45.293842943976905,2.0659083388926986,12.223075452145533
kaydasheva_s001940,0.0,11.3298125,corpus,-43.73537828221536,-45.07825849722098,2.0659083388926986,16.625044702739345
kaydasheva_s000624,0.0,8.4028125,corpus,-43.991420200892854,-46.44615282014359,2.0659083388926986,17.26644493049178
kaydasheva_s001503,0.0,9.9598125,corpus,-45.29581607680723,-43.775294643337446,2.0659083388926986,17.930192474634175
kaydasheva_s000940,0.0,6.2098125,corpus,-41.257155168075684,-46.87701494043524,2.0659083388926986,24.094049718925053
kaydasheva_s001605,0.0,4.8698125,corpus,-37.73497256801848,-43.34061736152286,2.0659083388926986,19.929079685850297
kaydasheva_s001559,0.0,5.7898125,corpus,-42.03558802892919,-48.139517003839664,2.0659083388926986,23.607848494877093
kaydasheva_s002297,0.0,5.5198125,corpus,-38.26673955502717,-45.48670700618199,2.0659071375496163,20.543945091424966
kaydasheva_s000008,0.0,3.41475,corpus,-36.615119822214076,-45.353857358296715,2.0659071375496163,16.92379648893529
kaydasheva_s001888,0.0,8.39175,corpus,-45.161213125744936,-48.827942751456,2.0659035335203697,17.357776241702496
kaydasheva_s000426,0.0,6.9598125,corpus,-41.6313336251796,-47.20823958260672,2.0658987281480403,22.508287511704257
kaydasheva_s000676,0.0,11.8498125,corpus,-49.19785733122363,-51.26259321324966,2.0658426170935256,13.351348824683118
kaydasheva_s000261,0.0,12.5898125,corpus,-43.41785395154885,-44.705670803785324,2.0657921339190954,14.931115287251842
kaydasheva_s001598,0.0,3.8898125,corpus,-42.86508374839332,-55.00362677044339,2.060390825881973,21.092957192854065
kaydasheva_s001004,0.0,12.11575,corpus,-41.75658776815182,-43.86187142472926,2.060390825881973,16.852109990317977
kaydasheva_s001507,0.0,5.8598125,corpus,-39.31704951471843,-45.80478814442952,2.060390825881973,25.24897266637486
kaydasheva_s000130,0.0,7.5698125,corpus,-41.64651017585865,-45.49437539170428,2.0603860577908075,22.34501297867658
kaydasheva_s001685,0.0,2.79475,corpus,-36.61857708893369,-47.74203273228237,2.0603860577908075,23.38888857539864
kaydasheva_s000927,0.0,10.4298125,corpus,-43.432275437440076,-46.95926142961551,2.0603860577908075,20.182947090391657
kaydasheva_s001370,0.0,8.0198125,corpus,-43.237579878428924,-45.90289015383334,2.0603812896996416,23.782838497345164
kaydasheva_s001134,0.0,4.6698125,corpus,-36.95982083110278,-44.522608881411344,2.0603812896996416,18.678491807754547
kaydasheva_s000738,0.0,15.4298125,corpus,-45.72624858230719,-47.50828012738909,2.0603812896996416,22.127755020389777
kaydasheva_s002187,0.0,14.1498125,corpus,-51.85252318904594,-54.26668561299642,2.0587295949800093,6.257810869449395
kaydasheva_s000905,0.0,4.0198125,corpus,-38.103277557524876,-47.263333320617676,2.0587295949800093,21.669143526032624
kaydasheva_s001652,0.0,6.5298125,corpus,-42.7013483441807,-47.7110396027565,2.0587295949800093,22.737719339172166
kaydasheva_s001062,0.0,5.0798125,corpus,-39.64894500492126,-45.49582504272461,2.0560174204529353,18.339809085306047
kaydasheva_s002238,0.0,8.2448125,corpus,-42.59923960861651,-46.02931330754207,2.054787592980375,18.599059636322014
kaydasheva_s000354,0.0,9.7098125,corpus,-43.06396434088568,-44.50757676028134,2.054787592980375,5.743367314653758
kaydasheva_s001756,0.0,12.3368125,corpus,-46.89769360311993,-48.06268610719775,2.054787592980375,15.462147584509653
kaydasheva_s001383,0.0,5.7498125,corpus,-39.09938858695652,-44.916442612470206,2.054787592980375,19.23912781685402
kaydasheva_s000498,0.0,6.2998125,corpus,-41.4654792906746,-44.52554696066338,2.054774191694902,21.83986855739773
kaydasheva_s002310,0.0,7.2598125,corpus,-39.917874591081265,-44.367644500732425,2.0446343386155887,21.888595445919528
kaydasheva_s002156,0.0,5.7198125,corpus,-40.90577879152098,-47.65810729980469,2.0446343386155887,16.309443467564492
kaydasheva_s000401,0.0,12.1628125,corpus,-45.092802348889805,-47.49909150422509,2.0446343386155887,9.861815414566697
kaydasheva_s000555,0.0,8.3698125,corpus,-46.15758941905615,-50.24346682669103,2.0446278164984113,16.58104493507906
kaydasheva_s001702,0.0,5.4378125,corpus,-40.88537238625919,-44.9925679927919,2.0436645789552,17.81443069559721
kaydasheva_s001557,0.0,6.6698125,corpus,-43.682688928973015,-48.350042845073496,2.026444706339244,19.515496290539083
kaydasheva_s001156,0.0,6.4698125,corpus,-46.025882679675426,-52.21438342421802,2.026444706339244,23.61260301447966
kaydasheva_s001343,0.0,4.4678125,corpus,-43.301205082494405,-53.30539827568587,2.026444706339244,18.790814233204017
kaydasheva_s001399,0.0,5.8898125,corpus,-40.68917126485569,-46.705348579971876,2.0264421217440867,16.656289768726246
kaydasheva_s000542,0.0,10.4668125,corpus,-42.92068484360077,-45.992480414254324,2.0197903099528216,22.40809471589948
kaydasheva_s000904,0.0,7.63175,corpus,-43.094461623525554,-47.58714122772217,2.01976973993388,19.935365395889256
kaydasheva_s001322,0.0,5.2798125,corpus,-40.213327118844695,-46.03546929359436,2.01976973993388,22.115998261161756
kaydasheva_s000915,0.0,5.91275,corpus,-38.66303140862944,-43.09392537741825,2.0197594549244093,17.124186873741454
kaydasheva_s000155,0.0,6.1758125,corpus,-43.17375543588188,-46.864270652212745,2.019754312419674,18.04097390675431
kaydasheva_s000106,0.0,10.27075,corpus,-45.273502160418694,-50.040692728216,2.0197491699149386,20.687012792377956
kaydasheva_s000140,0.0,6.49675,corpus,-41.5391015625,-44.19127043238226,2.0197491699149386,5.408825956444362
kaydasheva_s000799,0.0,4.9698125,corpus,-39.63097334004024,-46.70529751067466,2.0197491699149386,22.371508662672177
kaydasheva_s000259,0.0,2.2998125,corpus,-34.77169879415761,-53.240430450439455,2.0141050530796987,12.856559097541421
kaydasheva_s001621,0.0,8.6298125,corpus,-40.713187101680184,-44.08661559133819,2.0141050530796987,18.76787809087139
kaydasheva_s001519,0.0,7.4718125,corpus,-42.942567143574294,-46.8696385271409,2.0141050530796987,21.2675016049372
kaydasheva_s000680,0.0,5.7198125,corpus,-38.91042941433567,-45.241053422292076,2.014102674680842,19.607440416159854
kaydasheva_s000844,0.0,9.6088125,corpus,-41.56561768340271,-43.585226728561075,2.014100296281985,19.49914406426341
kaydasheva_s001853,0.0,7.83475,corpus,-40.53190852490422,-44.60686136220957,2.01265955901864,19.31400758950011
kaydasheva_s000926,0.0,10.9898125,corpus,-41.8972574499545,-43.66791113491716,2.0099386328684066,16.29104265604267
kaydasheva_s001591,0.0,7.2288125,corpus,-42.471910658713696,-46.7260684484168,1.993336059653922,20.4732048376168
kaydasheva_s000308,0.0,9.3798125,corpus,-43.103207456023455,-46.081930204369556,1.993336059653922,23.151514718664608
kaydasheva_s000806,0.0,7.6398125,corpus,-41.80223586796466,-45.89028508898238,1.993336059653922,18.771373950190664
kaydasheva_s000122,0.0,2.85775,corpus,-33.80266266936189,-45.29261642456055,1.993336059653922,18.980800910238628
kaydasheva_s000152,0.0,10.4598125,corpus,-42.83399931285851,-44.22296009063721,1.993336059653922,20.67915592282845
kaydasheva_s002308,0.0,3.8598125,corpus,-41.48191841402202,-54.0033795038859,1.993336059653922,20.85483820289337
kaydasheva_s001145,0.0,8.87475,corpus,-46.568119363021424,-51.981666858379654,1.9828901612048457,16.994887191685237
kaydasheva_s000230,0.0,7.4798125,corpus,-45.27978254512032,-49.32369565963745,1.982880519741883,20.6601242779938
kaydasheva_s001181,0.0,10.4098125,corpus,-42.160944254322764,-44.85592490935994,1.979946154038733,19.218736756858444
kaydasheva_s001446,0.0,9.9798125,corpus,-43.26049755761523,-44.45832002777414,1.979946154038733,16.6845750825346
kaydasheva_s002159,0.0,10.3998125,corpus,-43.84255558894231,-46.24390787181288,1.9799400838806884,20.550429551093348
kaydasheva_s000473,0.0,11.5898125,corpus,-45.671959259059534,-47.10186744458748,1.9722952908977727,19.900416585161842
kaydasheva_s000119,0.0,12.7198125,corpus,-47.36827461674528,-49.27520140926395,1.9722952908977727,16.31932822118006
kaydasheva_s002286,0.0,5.1198125,corpus,-37.95212173461914,-42.522934913635254,1.9722952908977727,21.682262544890392
kaydasheva_s000312,0.0,8.3898125,corpus,-44.020164444278905,-46.87572769891648,1.9722952908977727,23.589773200905057
kaydasheva_s000778,0.0,11.1978125,corpus,-43.19651925223214,-45.051430443737,1.9722952908977727,18.04320456519043
kaydasheva_s000474,0.0,8.1798125,corpus,-42.954891885696824,-43.47578048706055,1.9722952908977727,20.351830679820374
kaydasheva_s000506,0.0,4.4998125,corpus,-38.54164930555555,-44.8357640859243,1.972291728265636,21.540646966445912
kaydasheva_s000018,0.0,5.3128125,corpus,-37.26196151129943,-42.9382389961405,1.972291728265636,18.044247746622847
kaydasheva_s002249,0.0,4.4798125,corpus,-37.032008579799104,-42.83727763680851,1.9712902649651534,23.78953841889628
kaydasheva_s000914,0.0,6.0198125,corpus,-38.04445468230897,-42.22894717071016,1.9712902649651534,20.95504992428462
kaydasheva_s000291,0.0,4.01475,corpus,-40.94444552680798,-48.60285758972168,1.9712902649651534,20.227662766973886
kaydasheva_s001225,0.0,3.7378125,corpus,-38.806525735294116,-48.334009282729205,1.9712890160933905,19.483106682898793
kaydasheva_s002110,0.0,10.2798125,corpus,-42.02584280763619,-44.62731671076949,1.971285269478102,23.146688085808215
kaydasheva_s001494,0.0,6.6998125,corpus,-43.1984666511194,-47.660700213524606,1.9459189075399115,18.243849290559304
kaydasheva_s000217,0.0,4.8598125,corpus,-39.662326388888886,-46.77300889151437,1.9459189075399115,21.587134687191266
kaydasheva_s001624,0.0,3.8088125,corpus,-40.878416687171914,-49.93556420008341,1.9459189075399115,14.384916341147377
kaydasheva_s001850,0.0,4.4038125,corpus,-40.129567649147724,-49.13540732860565,1.94591649636088,20.09568422276486
kaydasheva_s001244,0.0,2.1798125,corpus,-30.11031348552179,-44.71860225384052,1.9393796654710675,16.245955886618358
kaydasheva_s000756,0.0,7.1798125,corpus,-42.11439654422006,-48.4704242396999,1.9393796654710675,24.613031234857367
kaydasheva_s000344,0.0,13.21575,corpus,-46.39643709814675,-47.832590421040855,1.9393796654710675,19.327210366686625
kaydasheva_s000991,0.0,6.3438125,corpus,-40.01653070780757,-44.569881047957985,1.9393796654710675,18.152996125038634
kaydasheva_s000020,0.0,4.9418125,corpus,-41.38570660425101,-47.32818612185392,1.9393796654710675,4.781434462030006
kaydasheva_s001629,0.0,6.7808125,corpus,-45.02123951419617,-51.49326338086809,1.9393772814254846,14.314241492774228
kaydasheva_s001440,0.0,1.5998125,corpus,-32.14208068847656,-67.23142841884068,1.9393748973799019,9.532416225036105
kaydasheva_s000715,0.0,6.7098125,corpus,-40.64710436847988,-44.67979671644128,1.9393701292887362,21.267623857014897
kaydasheva_s001601,0.0,5.2898125,corpus,-37.769911537098295,-43.43186824726609,1.9393701292887362,16.118613005853106
kaydasheva_s000001,0.0,6.87575,corpus,-43.55780171239099,-49.52206786019462,1.9393701292887362,17.555494168337532
kaydasheva_s002185,0.0,9.7568125,corpus,-42.438240426485656,-44.345311306892555,1.939351056924074,19.832081589594864
kaydasheva_s001248,0.0,5.71675,corpus,-40.60036399147727,-46.30427209068747,1.935761289325851,14.525600078652616
kaydasheva_s000480,0.0,4.4398125,corpus,-37.615947001689186,-43.89876756435487,1.935761289325851,27.515310832796416
kaydasheva_s002158,0.0,9.0198125,corpus,-40.36261432926829,-43.262035285101994,1.935761289325851,19.851778317003905
kaydasheva_s002172,0.0,9.7698125,corpus,-43.11380501535312,-45.920351277226985,1.9357571535503877,22.697300507448077
kaydasheva_s000652,0.0,8.5198125,corpus,-49.31665382922535,-54.97495722770691,1.9357530177749247,23.11475980287441
kaydasheva_s001659,0.0,4.3908125,corpus,-36.34684207716401,-43.07714034186469,1.9357530177749247,19.950312893374537
kaydasheva_s000863,0.0,5.8498125,corpus,-41.04122596153846,-45.578907044728595,1.934870113608422,20.630076106742226
kaydasheva_s001696,0.0,3.2508125,corpus,-35.92057992788462,-45.93333251387985,1.934870113608422,16.135528567796214
kaydasheva_s000328,0.0,7.31575,corpus,-43.81733478483606,-45.209198035445866,1.934870113608422,17.932820701788643
kaydasheva_s001600,0.0,6.3498125,corpus,-47.06864542322835,-52.72611992175762,1.9348686215311954,20.70667763228956
kaydasheva_s001153,0.0,4.7998125,corpus,-47.599666341145834,-56.51691233317057,1.9348641452995152,19.462649854345155
kaydasheva_s000096,0.0,6.99275,corpus,-42.897266742668094,-46.82065721285545,1.9348581769906084,18.842172816052795
kaydasheva_s001708,0.0,3.45875,corpus,-35.195735865245666,-46.424273129167226,1.928470185352583,20.346331389323982
kaydasheva_s002278,0.0,1.8698125,corpus,-28.334091431316846,-51.06943941116333,1.9284680144014525,26.72755036985327
kaydasheva_s000406,0.0,7.7398125,corpus,-39.95783369670543,-43.23312182175486,1.9245569392568063,21.319278011474054
kaydasheva_s001556,0.0,9.65175,corpus,-46.263872247409324,-49.309565931886105,1.9245569392568063,21.314268360324036
kaydasheva_s000444,0.0,5.0698125,corpus,-40.33202354536489,-47.346545753479006,1.9245569392568063,22.150180108169266
kaydasheva_s000188,0.0,8.9798125,corpus,-44.82934733435412,-47.41215638990526,1.9245569392568063,17.251190114743256
kaydasheva_s000042,0.0,5.0868125,corpus,-42.55761526890963,-46.81406319141388,1.924554381561067,18.769767173067546
kaydasheva_s001570,0.0,5.6498125,corpus,-40.6014657079646,-45.32985421589443,1.924554381561067,18.076878013359323
kaydasheva_s000227,0.0,3.7358125,corpus,-35.5004386697861,-44.94017191494213,1.924554381561067,20.4479591836969
kaydasheva_s001662,0.0,12.8888125,corpus,-43.76434311966641,-46.00521012878418,1.924554381561067,15.373493008697158
kaydasheva_s001851,0.0,11.5798125,corpus,-43.68622827612263,-46.82292366027832,1.9223500480802804,11.518598097439003
kaydasheva_s000488,0.0,6.3698125,corpus,-39.15322066326531,-44.249210089445114,1.9223500480802804,17.929283354414387
kaydasheva_s001130,0.0,4.2008125,corpus,-39.27416759672619,-47.644161224365234,1.9223500480802804,20.870442620098167
kaydasheva_s001695,0.0,3.5898125,corpus,-37.44034264014624,-46.393393944049706,1.9223484855301407,18.492704981960568
kaydasheva_s000557,0.0,11.4098125,corpus,-45.89829028812445,-46.94172186492592,1.9223437978797215,17.27237065689819
kaydasheva_s001320,0.0,9.3498125,corpus,-44.18708221925134,-47.46990846607783,1.9172677029238754,22.193530839078985
kaydasheva_s000465,0.0,5.9798125,corpus,-39.273355847617054,-45.100838795042876,1.9172677029238754,22.223452745955292
kaydasheva_s001330,0.0,3.5398125,corpus,-37.304877846927965,-46.22548054286412,1.9172677029238754,20.775217968260307
kaydasheva_s000911,0.0,9.2298125,corpus,-43.26337774241603,-47.32449229712625,1.9172677029238754,22.518052433949656
kaydasheva_s000156,0.0,5.6228125,corpus,-39.12096168816726,-44.254567527770995,1.9172677029238754,18.61015708408428
kaydasheva_s002228,0.0,11.4498125,corpus,-43.54400927947598,-45.42161565308177,1.9172677029238754,18.086183567111764
kaydasheva_s001087,0.0,3.6298125,corpus,-38.203108858471076,-48.02979177898831,1.9172677029238754,19.994360582785173
kaydasheva_s001035,0.0,2.6858125,corpus,-34.659393877788105,-48.872841321505035,1.9172677029238754,24.285413968297473
kaydasheva_s001306,0.0,5.3098125,corpus,-45.92652056850282,-49.05078408377511,1.9172654626285206,0.7333759719853283
kaydasheva_s001932,0.0,7.7198125,corpus,-43.2469741742228,-48.65790715813637,1.912826306839133,19.181624117468402
kaydasheva_s001010,0.0,6.23075,corpus,-39.99828827247191,-44.55586173042418,1.912826306839133,17.971110552203278
kaydasheva_s000331,0.0,6.0338125,corpus,-40.970997875207296,-43.29418118794759,1.912826306839133,2.3864848683660487
kaydasheva_s000553,0.0,10.5138125,corpus,-45.88416537821123,-48.65497824724983,1.9128191815748594,19.589670803146692
kaydasheva_s001997,0.0,4.6998125,corpus,-40.538617852393614,-46.0091717839241,1.9108926742912289,19.13639696855321
kaydasheva_s001027,0.0,10.5868125,corpus,-43.56714397426818,-44.993417134848976,1.9108878402442477,16.429144791857002
kaydasheva_s000894,0.0,6.65375,corpus,-37.35464344454887,-40.856238510649085,1.9108733381033043,19.654401324802997
kaydasheva_s001791,0.0,4.4448125,corpus,-37.2332664695946,-44.94660568237305,1.8972631354297418,14.198628909708967
kaydasheva_s000090,0.0,4.6838125,corpus,-37.51125968215812,-44.17519578701112,1.8959567644138728,22.95445613783864
kaydasheva_s001471,0.0,4.73175,corpus,-36.428580866807614,-41.727953063117134,1.8913317882726124,20.883701676718427
kaydasheva_s002036,0.0,3.4398125,corpus,-38.819616983103195,-47.276676981072676,1.8913317882726124,19.165971054958185
kaydasheva_s001085,0.0,5.7298125,corpus,-40.94785872054974,-46.62219497392763,1.8805172476980772,22.175194926215827
kaydasheva_s001576,0.0,7.6998125,corpus,-42.737900771103895,-46.773679507406136,1.8805172476980772,22.640665312051024
kaydasheva_s000066,0.0,6.4398125,corpus,-42.672621069487576,-48.507441173900254,1.880508976147151,19.57633280763211
kaydasheva_s000943,0.0,13.9198125,corpus,-43.883685232579026,-44.746987921559914,1.8685875806524923,20.116614301661734
kaydasheva_s001167,0.0,11.7898125,corpus,-42.9502657177693,-44.190511018801956,1.8685664028635978,16.10998682377954
kaydasheva_s001699,0.0,8.3648125,corpus,-42.88802706339713,-45.1640957034364,1.8685664028635978,17.23344895375696
kaydasheva_s000731,0.0,5.0998125,corpus,-40.978036917892155,-48.76997501445266,1.8685611084163742,23.359443802673624
kaydasheva_s001729,0.0,7.0558125,corpus,-41.80614266111898,-46.46269262653507,1.8685611084163742,23.228784705768184
kaydasheva_s001332,0.0,9.45575,corpus,-42.52060897859408,-45.26641030745073,1.8685611084163742,21.406461109461183
kaydasheva_s001934,0.0,6.5898125,corpus,-44.641208862860395,-48.192510904050344,1.8685611084163742,16.603189307056567
kaydasheva_s001634,0.0,3.0098125,corpus,-35.347270167151166,-46.54073355748103,1.8685611084163742,26.93612980565593
kaydasheva_s002135,0.0,13.0218125,corpus,-45.49922895065284,-47.50513374905626,1.8685558139691505,18.314700440903522
kaydasheva_s001526,0.0,4.8568125,corpus,-40.33270640432099,-46.24330155745797,1.8685558139691505,16.61557667357832
kaydasheva_s001564,0.0,6.4498125,corpus,-43.59285973837209,-49.378475709394976,1.8643566072970617,18.878236531203434
kaydasheva_s001045,0.0,7.8588125,corpus,-44.548266539440206,-49.86073716481527,1.8643566072970617,15.49068118716049
kaydasheva_s001445,0.0,3.25175,corpus,-41.13803485576923,-49.03571796417236,1.8643566072970617,24.372590795483227
kaydasheva_s000646,0.0,5.8698125,corpus,-41.73246180259795,-46.43738453728812,1.8643542046108972,20.72048468927872
kaydasheva_s000969,0.0,8.7798125,corpus,-42.427115959567196,-45.29787314215372,1.8643542046108972,17.759302684030615
kaydasheva_s000718,0.0,4.1608125,corpus,-36.96308781550481,-44.76939117207247,1.8643542046108972,18.94337941564754
kaydasheva_s000764,0.0,10.1838125,corpus,-42.99660793222004,-46.1499985393725,1.8643518019247327,22.81653418642582
kaydasheva_s001627,0.0,13.53875,corpus,-44.15482193962334,-47.08308346088116,1.8643518019247327,14.59244813402256
kaydasheva_s000279,0.0,14.1498125,corpus,-45.579505300353354,-47.34476277208704,1.8627082001740702,10.515475581516887
kaydasheva_s001276,0.0,3.5798125,corpus,-37.15255924842877,-46.43913438585069,1.8627082001740702,17.507234271463673
kaydasheva_s001806,0.0,8.4798125,corpus,-42.36807193396226,-45.039261554149874,1.8627030576693349,21.326057368077564
kaydasheva_s002258,0.0,8.7898125,corpus,-42.923892562571105,-46.426066274228305,1.8626979151645995,20.943786632076993
kaydasheva_s001380,0.0,10.6198125,corpus,-44.95772275188324,-46.60026478421861,1.8554841477009147,17.63126690968316
kaydasheva_s000773,0.0,10.3498125,corpus,-43.257321859903385,-44.52497931658211,1.8413295810098977,17.0914424210007
kaydasheva_s000234,0.0,4.6498125,corpus,-39.317452116935485,-48.070428133010864,1.8413251004191882,16.290344477566002
kaydasheva_s000039,0.0,3.0428125,corpus,-38.61694657175165,-51.72378041194035,1.8413206198284784,11.1963157983442
kaydasheva_s000033,0.0,1.7128125,corpus,-28.144665455957604,-51.633214777166195,1.840821123018429,20.73741425088884
kaydasheva_s001925,0.0,5.6798125,corpus,-40.520831040933096,-47.102046508789066,1.840821123018429,20.626345537518468
kaydasheva_s000659,0.0,1.6598125,corpus,-26.63761589326054,-50.02720091078017,1.8408189198519542,25.790952961599015
kaydasheva_s002127,0.0,11.0898125,corpus,-43.86360178088368,-45.235304350494054,1.8390694991322587,20.985531138972284
kaydasheva_s001042,0.0,3.41475,corpus,-34.821417934384165,-43.15074850011755,1.8205833277280838,18.905906393183514
kaydasheva_s001092,0.0,5.4298125,corpus,-37.332067219152854,-42.19209773199899,1.8145906865734813,20.912633530400555
kaydasheva_s000100,0.0,6.23275,corpus,-39.89144637841091,-44.38721869421787,1.8145906865734813,19.160277164044757
kaydasheva_s000293,0.0,8.2898125,corpus,-42.5533351553076,-44.78899383544922,1.8145906865734813,17.675149423410303
kaydasheva_s002022,0.0,8.4398125,corpus,-44.65269549763033,-47.271843109130856,1.812803205328274,17.025375705461613
kaydasheva_s001567,0.0,2.31275,corpus,-31.91304788961039,-49.479670660836355,1.8128010532068912,18.866191297872724
kaydasheva_s001473,0.0,7.2958125,corpus,-42.659094071061645,-47.874392608116416,1.8096385261333143,21.379128349962382
kaydasheva_s000325,0.0,7.83775,corpus,-42.89326072225765,-48.22524000469007,1.809633356942999,19.61952138355865
kaydasheva_s001766,0.0,4.5598125,corpus,-47.362103378563596,-58.21003281197897,1.8096307723478413,23.877451507610495
kaydasheva_s000433,0.0,4.7798125,corpus,-41.72600679916318,-45.96318452498492,1.7852529956689522,21.10233009472692
kaydasheva_s001831,0.0,7.0498125,corpus,-44.90275653812057,-48.01471809387207,1.785172434214781,17.518132943569174
kaydasheva_s001697,0.0,2.3998125,corpus,-32.20167032877604,-45.38881963842056,1.785172434214781,20.303079661119767
kaydasheva_s001316,0.0,3.6798125,corpus,-38.74887483016305,-49.3635316212972,1.7845391524297682,23.053189611292925
kaydasheva_s001837,0.0,2.8498125,corpus,-36.00029468201755,-49.64600853298021,1.7845391524297682,21.715329866351738
kaydasheva_s002241,0.0,6.8838125,corpus,-42.54523130904796,-48.03615340208396,1.7845321089101092,20.135272552735145
kaydasheva_s000813,0.0,10.0088125,corpus,-44.322981705794206,-45.50609917238534,1.7845321089101092,14.06388123587821
kaydasheva_s000303,0.0,6.3698125,corpus,-41.437981382456826,-46.566390769426214,1.7845321089101092,17.763481588834534
kaydasheva_s000723,0.0,3.3798125,corpus,-42.867797129252956,-57.00192986765215,1.7845321089101092,23.96318297385337
kaydasheva_s002174,0.0,7.0898125,corpus,-43.31428783938646,-49.63176447550456,1.7845321089101092,22.578241563950332
kaydasheva_s000585,0.0,8.7088125,corpus,-43.486047825774975,-47.8638102610906,1.7782107383414472,17.049311487168424
kaydasheva_s001955,0.0,4.3468125,corpus,-36.41326553520115,-43.995205470493865,1.7782047945864186,16.87999013802997
kaydasheva_s001091,0.0,6.0238125,corpus,-45.213406483596344,-48.13293186823527,1.7782047945864186,17.087791364717376
kaydasheva_s001911,0.0,5.8298125,corpus,-39.66889003537736,-43.88849786349705,1.7782047945864186,24.35808178409654
kaydasheva_s001653,0.0,4.2478125,corpus,-37.21840303308824,-44.07512326921736,1.7782047945864186,19.88124672460676
kaydasheva_s001243,0.0,5.4598125,corpus,-38.882869734432234,-44.736244478533344,1.7782047945864186,22.252964494958707
kaydasheva_s002211,0.0,6.4698125,corpus,-41.526890938948995,-46.524163621844664,1.7782047945864186,18.448936431299707
kaydasheva_s001694,0.0,6.0628125,corpus,-44.7841796875,-48.19091928922213,1.7782047945864186,22.154434299309255
kaydasheva_s000289,0.0,6.6598125,corpus,-45.16266950544294,-49.41569951754897,1.7782047945864186,24.84963123530062
kaydasheva_s001645,0.0,4.7148125,corpus,-36.38658605360934,-43.73985318934664,1.7782047945864186,16.80398185512903
kaydasheva_s000840,0.0,1.8298125,corpus,-28.145625213456285,-53.32861882990057,1.7782047945864186,18.474239528853744
kaydasheva_s000036,0.0,6.8668125,corpus,-44.31675877911208,-50.59535649617513,1.7782033086476614,21.156822206629165
kaydasheva_s002053,0.0,11.6668125,corpus,-42.43965898136247,-43.871937286022096,1.7782018227089043,20.812926285681243
kaydasheva_s001277,0.0,7.8478125,corpus,-44.42842356687898,-48.67911630518296,1.77819885083139,20.32288870958521
kaydasheva_s001686,0.0,4.7648125,corpus,-40.02189469537815,-47.86609230041504,1.77819885083139,21.627815161515997
kaydasheva_s000045,0.0,4.0648125,corpus,-37.24173770397167,-41.62813311815262,1.77819885083139,16.648728837199045
kaydasheva_s002214,0.0,8.55175,corpus,-47.741808296783624,-50.32408826491412,1.77819885083139,20.942537898535353
kaydasheva_s001755,0.0,9.71075,corpus,-42.80274845520082,-45.369148811597505,1.771826576726143,18.862445649060156
kaydasheva_s000050,0.0,9.1938125,corpus,-39.45894399483134,-42.05451235145029,1.771826576726143,19.115212991853298
kaydasheva_s001465,0.0,10.1418125,corpus,-44.73672491370809,-47.564857165018715,1.7710706557331835,20.53414174215974
kaydasheva_s002302,0.0,5.1798125,corpus,-41.62453999758687,-47.37269422743056,1.7617633027049542,21.593833032981806
kaydasheva_s001565,0.0,8.6018125,corpus,-44.06876816860465,-47.34937631414178,1.7617620538331915,17.863623649679216
kaydasheva_s000661,0.0,6.39575,corpus,-44.270083618164065,-46.459457993507385,1.7605840318684005,20.563752833201413
kaydasheva_s001291,0.0,4.8598125,corpus,-37.72058256172839,-44.68879941614663,1.759866013574,18.235462032180006
kaydasheva_s000333,0.0,4.15775,corpus,-36.62971848707933,-44.94560899232563,1.7598634672547595,20.789425619925687
kaydasheva_s000611,0.0,6.3498125,corpus,-40.252808193897636,-45.35747299194336,1.7598558282970374,21.981084207082052
kaydasheva_s000085,0.0,12.87675,corpus,-43.90235588121118,-45.67585781008698,1.7491918288597097,19.16036291310218
kaydasheva_s000941,0.0,4.99375,corpus,-42.156978018537075,-47.04791653951009,1.7463577788309985,15.86034406591919
kaydasheva_s000543,0.0,4.9198125,corpus,-39.20284314659553,-45.84076236156707,1.7463577788309985,22.304635260828167
kaydasheva_s002271,0.0,3.2288125,corpus,-36.15204443208204,-46.956479721069336,1.746355607879868,14.120337121422539
kaydasheva_s000428,0.0,12.9848125,corpus,-39.496740779083204,-40.91204006981304,1.746349095026477,20.964156467062832
kaydasheva_s000554,0.0,4.8798125,corpus,-38.25314981429303,-45.043326117775656,1.7284178140141644,20.745274345534625
kaydasheva_s001132,0.0,4.7098125,corpus,-35.661367104564754,-42.018844468253,1.7253394450131585,22.053346520877184
kaydasheva_s001164,0.0,7.5658125,corpus,-42.67944755201453,-45.9919792593342,1.7253394450131585,15.61588078323886
kaydasheva_s002067,0.0,3.3598125,corpus,-33.26209658668155,-42.72842862870958,1.7253394450131585,20.578404293775744
kaydasheva_s000631,0.0,6.57275,corpus,-37.874348958333336,-42.09764685997596,1.7253364099341362,18.237370168444627
kaydasheva_s002013,0.0,6.8698125,corpus,-41.03974197143377,-45.36740353372362,1.7253364099341362,20.437403918554125
kaydasheva_s001007,0.0,8.5198125,corpus,-40.934231037265256,-44.322901285611664,1.7141490799553045,22.44669269283228
kaydasheva_s002093,0.0,7.2998125,corpus,-43.64975385273973,-47.69776514352086,1.7141415242993459,21.789167502240595
kaydasheva_s000329,0.0,2.6398125,corpus,-38.33625562263258,-58.15728242056711,1.71198301760031,24.029990715930396
kaydasheva_s000790,0.0,6.9438125,corpus,-45.34555959564121,-51.01497011336069,1.7100007956347978,10.473220736691601
kaydasheva_s001499,0.0,6.1078125,corpus,-41.21343404766776,-47.091876161509546,1.7099995167869282,15.695256338212147
kaydasheva_s001364,0.0,4.4618125,corpus,-40.42708187359865,-45.65250701904297,1.7099995167869282,20.327948565818232
kaydasheva_s001750,0.0,8.8818125,corpus,-41.56493700731982,-44.81610421289371,1.709996959091189,11.264208995878434
kaydasheva_s001760,0.0,8.99875,corpus,-44.772296006944444,-45.8505880355835,1.709996959091189,17.354979247046586
kaydasheva_s001272,0.0,5.23075,corpus,-40.11608956739962,-46.28451919555664,1.7065916321098886,20.978000354046426
kaydasheva_s001400,0.0,6.0338125,corpus,-41.42734569340796,-46.759579585148735,1.6948408712637448,17.48269750106308
kaydasheva_s000314,0.0,6.9838125,corpus,-38.64673341242837,-43.07869438275899,1.6948360489056815,23.455255850901604
kaydasheva_s001080,0.0,4.15775,corpus,-38.819976806640625,-49.797457575798035,1.6948360489056815,19.22828155910326
kaydasheva_s000798,0.0,7.3098125,corpus,-43.31922238372093,-48.0672584880482,1.6845473014388865,8.92328228988093
kaydasheva_s002090,0.0,8.27775,corpus,-43.796223958333336,-47.200843811035156,1.68454133312998,24.141123469584883
kaydasheva_s001628,0.0,5.8688125,corpus,-41.65670251277683,-46.506016359490864,1.684539841052753,22.5190686126005
kaydasheva_s001580,0.0,1.6498125,corpus,-32.637991240530305,-68.34437888009208,1.6844841844474328,9.14034220293608
kaydasheva_s000023,0.0,3.97175,corpus,-38.7196724456864,-46.75362045700486,1.6734385501607327,18.47734728151769
kaydasheva_s000059,0.0,3.9418125,corpus,-36.62813293147208,-44.06063365936279,1.6680398194754182,20.63623485168251
kaydasheva_s001075,0.0,5.6298125,corpus,-43.900477353463586,-53.05752528155291,1.6680372727807464,22.24937617930366
kaydasheva_s000013,0.0,8.5818125,corpus,-40.5537359775641,-43.52385160658095,1.6628048757014249,17.889716326768855
kaydasheva_s000854,0.0,3.8798125,corpus,-37.63484364932345,-46.942637412778794,1.6628048757014249,22.411016906383914
kaydasheva_s002239,0.0,5.0898125,corpus,-40.04998695358546,-47.01121120063626,1.6628048757014249,20.437066111825196
kaydasheva_s001166,0.0,3.2298125,corpus,-33.956867985681114,-44.493334276922816,1.6628024730152604,26.007275633562173
kaydasheva_s000297,0.0,2.3398125,corpus,-30.974085620325855,-46.14732715061733,1.6604099622737365,24.806144899565197
kaydasheva_s000786,0.0,7.3298125,corpus,-38.96168624232606,-43.42561888013567,1.6604099622737365,23.095638305229905
kaydasheva_s001944,0.0,3.53775,corpus,-33.89157949329096,-42.05570100148519,1.6604099622737365,15.291719320572282
kaydasheva_s001883,0.0,8.6598125,corpus,-44.09208555860277,-46.99152961609855,1.6604051941825708,8.079814484211996
kaydasheva_s000182,0.0,3.1798125,corpus,-32.67497666077044,-43.899263579269935,1.66039517651162,27.40077062923337
kaydasheva_s002314,0.0,3.43875,corpus,-34.740027139353195,-40.67433363815834,1.6601978860304054,20.185055048284273
kaydasheva_s001406,0.0,5.91875,corpus,-40.328065614442565,-45.14302712220412,1.6601963234802655,18.81382733242146
kaydasheva_s000648,0.0,5.6668125,corpus,-39.94771343143739,-46.137771232455385,1.6577527448884335,17.89134959989805
kaydasheva_s001626,0.0,4.2778125,corpus,-38.406414281542055,-45.09117496374881,1.6577476522499521,15.13704681486182
kaydasheva_s000777,0.0,3.8848125,corpus,-37.57239902142397,-43.799706719138406,1.6577476522499521,22.209660528858095
kaydasheva_s001098,0.0,5.4498125,corpus,-39.634683199541286,-47.199758023631816,1.6566415889134605,20.75964052727861
kaydasheva_s000137,0.0,4.0998125,corpus,-42.41565358231707,-48.23112258911133,1.6396665588739177,21.81318935251869
kaydasheva_s001444,0.0,3.9598125,corpus,-39.451699613320706,-50.233827333192565,1.6322703510026264,22.588301027863498
kaydasheva_s001864,0.0,7.7378125,corpus,-45.134523376937985,-49.45802104834354,1.626965580871,19.826374671161926
kaydasheva_s001453,0.0,11.0228125,corpus,-41.757465120235935,-43.812650155651475,1.6150810768649775,21.66101339501739
kaydasheva_s001986,0.0,2.27175,corpus,-32.40479591134361,-49.999945322672524,1.6150763200672638,16.217243970911007
kaydasheva_s002035,0.0,10.7698125,corpus,-42.5196944637883,-43.563428745269775,1.6150763200672638,15.358245426665182
kaydasheva_s001914,0.0,2.73575,corpus,-34.52894402942518,-48.0671127720883,1.6150763200672638,16.198329925651702
kaydasheva_s000017,0.0,3.8048125,corpus,-40.101089638157895,-49.01970395174894,1.6150739416684068,20.785309865345972
kaydasheva_s001048,0.0,3.7398125,corpus,-40.4833984375,-50.4216558994391,1.6139713474181612,26.192705695145158
kaydasheva_s002313,0.0,5.3698125,corpus,-42.23201815642458,-48.2196639446502,1.6139695661020927,18.32574712226362
kaydasheva_s002109,0.0,3.5798125,corpus,-35.408830525488824,-44.99776097890493,1.6139695661020927,20.92557948068901
kaydasheva_s001020,0.0,3.9798125,corpus,-36.26293086526382,-44.92182821976511,1.6139677847860245,20.829262411167303
kaydasheva_s000382,0.0,2.5628125,corpus,-35.262413024902344,-49.38274162694027,1.6139677847860245,15.93056531584697
kaydasheva_s001735,0.0,5.0358125,corpus,-37.559446304563494,-43.922358566859984,1.5968896978606133,20.208812968445578
kaydasheva_s000682,0.0,4.0678125,corpus,-36.37828480113637,-43.72319568287242,1.5928220075467536,16.185149061434792
kaydasheva_s000351,0.0,6.57275,corpus,-47.618269596651444,-52.91431679264192,1.5909689739615416,17.450480097216392
kaydasheva_s001998,0.0,7.7198125,corpus,-44.53837435233161,-48.63786089970515,1.5888276288283052,21.67992145560034
kaydasheva_s000586,0.0,2.8698125,corpus,-35.56328941637631,-49.75464415550232,1.5888234930528422,23.745662695900677
kaydasheva_s001950,0.0,12.8098125,corpus,-42.865629269125684,-43.358186113423315,1.5883958727112386,20.779639404187
kaydasheva_s001823,0.0,10.2998125,corpus,-45.12765094053398,-46.54768911997477,1.588375302692297,16.981291593198094
kaydasheva_s001884,0.0,3.3758125,corpus,-34.28338514700444,-44.64911553353974,1.5883701601875617,18.117930211829872
kaydasheva_s000358,0.0,5.6668125,corpus,-41.54907958553792,-48.21547456888052,1.5883701601875617,19.21757343754204
kaydasheva_s001205,0.0,6.0298125,corpus,-39.39631270729685,-44.77824206882053,1.5883650176828263,14.685068656458132
kaydasheva_s001572,0.0,2.9498125,corpus,-36.382895259533896,-46.458064339377664,1.5883650176828263,14.609143014088023
kaydasheva_s000536,0.0,4.5198125,corpus,-40.80202139795354,-46.01626213391622,1.5883650176828263,15.044202996934064
kaydasheva_s001069,0.0,4.8348125,corpus,-46.904046163302276,-56.31071747673882,1.5858905452911667,22.056105677481867
kaydasheva_s000222,0.0,4.0048125,corpus,-38.75545654296875,-47.214896065848215,1.5844749304227737,21.638444076419198
kaydasheva_s001413,0.0,3.0208125,corpus,-37.65985228683775,-50.030318091897406,1.5844749304227737,19.11276439867636
kaydasheva_s001618,0.0,5.1298125,corpus,-40.911740070662766,-46.962039016013925,1.5833185342267997,22.00362506053342
kaydasheva_s001980,0.0,6.0058125,corpus,-39.00727303452579,-43.08953022003174,1.5833117909485812,22.016421834103568
kaydasheva_s000141,0.0,4.2098125,corpus,-39.33709731294537,-48.075539350509644,1.5784982801618652,22.794802384309975
kaydasheva_s001175,0.0,8.1378125,corpus,-43.6442481188575,-47.72902706057526,1.569744749707583,20.316784893293914
kaydasheva_s001017,0.0,6.5798125,corpus,-44.46389390197568,-50.17929711982386,1.5522338427012297,17.262819004688268
kaydasheva_s001834,0.0,9.8698125,corpus,-45.17602662740628,-47.65875244140625,1.5522338427012297,17.89668510416852
kaydasheva_s000711,0.0,6.2898125,corpus,-41.27218302861685,-47.26870777423565,1.5414002237620832,22.106865151125504
kaydasheva_s001016,0.0,2.4798125,corpus,-35.41356240549395,-53.155260358537944,1.5413905790459568,28.81441278126676
kaydasheva_s002065,0.0,6.17375,corpus,-42.34727322224473,-48.330224810906174,1.5413905790459568,22.316807212421484
kaydasheva_s002117,0.0,5.6098125,corpus,-42.71474278631907,-48.25016654621471,1.541388167866925,21.104546644998088
kaydasheva_s000867,0.0,2.4298125,corpus,-29.423022360468106,-44.558469581604,1.5394011859084138,17.015623621756642
kaydasheva_s001382,0.0,3.3598125,corpus,-37.511529831659224,-46.93879561954074,1.5393940337716654,24.003586701388368
kaydasheva_s001974,0.0,3.4078125,corpus,-37.98306909824047,-47.531772795177645,1.5289058774214748,18.500058017767326
kaydasheva_s001641,0.0,6.0098125,corpus,-42.329142184900164,-48.53629225950975,1.5289058774214748,12.558651918037961
kaydasheva_s000714,0.0,2.5598125,corpus,-36.05988311767578,-52.48461888631185,1.5289043914827176,24.214619294585653
kaydasheva_s001268,0.0,5.2898125,corpus,-37.868032992674856,-41.93253542582194,1.511615273449553,18.52735831411863
kaydasheva_s001102,0.0,9.9098125,corpus,-41.633971367305755,-44.16449729842369,1.5083413586953278,19.093678313164236
kaydasheva_s001962,0.0,4.7198125,corpus,-40.671800516419495,-48.487384716669716,1.5083208971294146,22.524389368253722
kaydasheva_s000235,0.0,4.3498125,corpus,-38.377707435344824,-44.90841004342744,1.5053838092280214,16.23784281327603
kaydasheva_s001458,0.0,2.7498125,corpus,-33.69882457386364,-45.21921133995056,1.4975183865558384,18.95566401955058
kaydasheva_s000696,0.0,4.8468125,corpus,-38.93202319587629,-46.277795946275866,1.497516756026544,21.976481776654257
kaydasheva_s000703,0.0,3.3218125,corpus,-36.844311817582835,-45.7142806894639,1.495445930860659,18.704795122966388
kaydasheva_s002221,0.0,3.9838125,corpus,-36.445049956815325,-42.914643960840564,1.4954446520127893,25.13728070705374
kaydasheva_s000803,0.0,8.1898125,corpus,-43.05638545482295,-45.70467785426548,1.4954420943170503,20.182574111045852
kaydasheva_s000564,0.0,3.9398125,corpus,-37.17433127776015,-45.145318150520325,1.4926840750850041,12.657202041321671
kaydasheva_s002304,0.0,5.4708125,corpus,-40.850980490173676,-46.624836808544096,1.4891128073648925,18.03366916496573
kaydasheva_s000964,0.0,3.87175,corpus,-41.55102602147933,-51.74077796936035,1.4651541650436952,9.580182153986073
kaydasheva_s001296,0.0,3.13375,corpus,-34.76264539237221,-45.54697265625,1.4626841004353661,22.904070874507667
kaydasheva_s000656,0.0,6.5618125,corpus,-38.85323873380335,-44.08009113249231,1.4612483387334592,20.346451461710792
kaydasheva_s000781,0.0,5.1998125,corpus,-42.2318359375,-49.19732753208705,1.45492725450197,19.228653035807326
kaydasheva_s001468,0.0,3.4598125,corpus,-35.23516810422688,-42.45856155667986,1.4549234766739907,9.363189367993371
kaydasheva_s001391,0.0,5.8098125,corpus,-42.820978108864026,-47.36988737318251,1.4549234766739907,20.91978262848073
kaydasheva_s001342,0.0,4.63675,corpus,-38.111622777478445,-44.85550569233141,1.4342095684970841,20.960992069392887
kaydasheva_s002237,0.0,8.5198125,corpus,-43.110324053697184,-46.899407653808595,1.4313240479419582,18.402189234199376
kaydasheva_s002162,0.0,7.3798125,corpus,-42.02072217987805,-45.46558104923793,1.4313240479419582,22.058898649983313
kaydasheva_s002061,0.0,3.8998125,corpus,-39.264463141025644,-47.791206795828685,1.4248448208040987,23.432774960756618
kaydasheva_s002210,0.0,4.9498125,corpus,-39.19873737373737,-44.23096766471863,1.4186185655212364,21.431509444146776
kaydasheva_s002288,0.0,3.0458125,corpus,-32.27194223872951,-43.46363383073073,1.4155619535610462,19.387141669377733
kaydasheva_s000876,0.0,5.1798125,corpus,-38.34527705719112,-44.35775716681229,1.4155571967633325,21.369248422945255
kaydasheva_s002041,0.0,5.6898125,corpus,-38.94297492860281,-43.54319520430131,1.3776439343237132,19.253316335005152
kaydasheva_s000996,0.0,4.7398125,corpus,-40.696400316455694,-46.60875062147776,1.3776439343237132,19.959160770665157
kaydasheva_s001146,0.0,3.25375,corpus,-37.64377103365385,-46.08893312726702,1.3776439343237132,20.85802290849698
kaydasheva_s000237,0.0,4.71475,corpus,-43.836994924363054,-50.73922375270298,1.3776439343237132,9.545953236600237
kaydasheva_s001673,0.0,3.8498125,corpus,-39.800215604707795,-48.827128410339355,1.3776391775259995,20.36636538009092
kaydasheva_s000176,0.0,4.3668125,corpus,-38.580757472826086,-46.253093459389426,1.333178246214432,19.225066340995227
kaydasheva_s002038,0.0,4.6248125,corpus,-37.45073221049783,-45.1693928760031,1.332659849287335,19.02190950846486
kaydasheva_s000485,0.0,6.2458125,corpus,-42.42175,-45.947485979865576,1.3326547566488536,5.395710000421552
kaydasheva_s001803,0.0,3.5598125,corpus,-36.638101299157306,-46.947555914157775,1.3177665079644851,20.31569048721596
kaydasheva_s000729,0.0,3.6798125,corpus,-38.8127149498981,-49.52848183481317,1.3177665079644851,25.318614107070232
kaydasheva_s000462,0.0,3.4198125,corpus,-39.53088164747807,-51.38992656360973,1.315114606681121,21.740561420017904
kaydasheva_s002328,0.0,3.2218125,corpus,-36.235648777173914,-46.127328872680664,1.2903125427697901,23.440412053333354
kaydasheva_s000494,0.0,4.5898125,corpus,-43.17854711328976,-52.56668027242025,1.2903125427697901,23.458977408827476
kaydasheva_s000154,0.0,4.1178125,corpus,-38.55314206614078,-44.83972321787188,1.2898926340256884,20.34191618295742
kaydasheva_s000675,0.0,2.7298125,corpus,-33.462346897893774,-44.88760864257812,1.2403541846453598,25.550307595786347
kaydasheva_s000577,0.0,6.0268125,corpus,-41.78567773113598,-46.4263625051461,1.2403541846453598,16.098486566316183
kaydasheva_s000562,0.0,3.5078125,corpus,-38.56815349002849,-48.53994458062308,1.238058112684325,22.500546106549773
kaydasheva_s002141,0.0,4.6598125,corpus,-39.03542029908798,-47.35553976205679,1.1892888489992115,17.835690522622382
kaydasheva_s000442,0.0,5.0398125,corpus,-39.966824001736114,-43.74540548324585,1.186649926702986,17.822503114329642
kaydasheva_s001868,0.0,4.79075,corpus,-41.646186717119,-51.84893577329574,1.183880788018642,13.000840242001933
kaydasheva_s000976,0.0,4.9498125,corpus,-37.572123579545455,-45.03186515967051,1.1781295678174957,22.914884789390435
kaydasheva_s001245,0.0,4.5598125,corpus,-38.61732456140351,-45.9248601629379,1.1781283786180672,22.56797073412897
kaydasheva_s000912,0.0,3.5078125,corpus,-36.005581152065524,-42.86413645744324,1.1589241720098191,19.041118933172797
kaydasheva_s001818,0.0,4.61075,corpus,-41.874995763286336,-48.25475709097726,1.1368622505520019,17.948529865361024
kaydasheva_s002124,0.0,4.0098125,corpus,-37.52719032496883,-44.56317912831026,1.1015596282412654,26.019257490835287
kaydasheva_s001754,0.0,3.4678125,corpus,-37.39403030439481,-44.744836926460266,0.8170176648429651,21.85639034661868
kaydasheva_s002168,0.0,2.4158125,corpus,,,,
kaydasheva_s001428,0.0,7.7718125,corpus,,,,
kaydasheva_s000109,0.0,11.8298125,corpus,,,,
kaydasheva_s000816,0.0,9.8298125,corpus,,,,
kaydasheva_s000617,0.0,4.7698125,corpus,,,,
kaydasheva_s001887,0.0,7.1638125,corpus,,,,
